Workbook

Sheet Данные
A1: ФИО менеджера | B1: ФИО клиента | C1: Дата сделки | D1: Сумма сделки | E1: NPS
A2: Ткаченко Андрей Олегович | B2: Лебедева Виктория Дмитриевна | C2: 2023-09-01 | D2: 31810 | E2: 5
A3: Яковлев Артем Игоревич | B3: Семенов Дмитрий Олегович | C3: 2023-09-01 | D3: 79983 | E3: 8
A4: Кузнецов Дмитрий Львович | B4: Новикова Екатерина Ивановна | C4: 2023-09-01 | D4: 65103 | E4: 7
A5: Семенова Ирина Валерьевна | B5: Егорова Юлия Алексеевна | C5: 2023-09-01 | D5: 45916 | E5: 8
A6: Громова Мария Ильинична | B6: Петров Илья Михайлович | C6: 2023-09-04 | D6: 26479 | E6: 7
A7: Яковлев Артем Игоревич | B7: Кузнецова Полина Романовна | C7: 2023-09-04 | D7: 65924 | E7: 8
A8: Сидорова Елена Васильевна | B8: Лебедева Полина Ивановна | C8: 2023-09-04 | D8: 84442 | E8: 5
A9: Яковлев Артем Игоревич | B9: Кузнецов Никита Андреевич | C9: 2023-09-04 | D9: 36848 | E9: 6
A10: Белов Алексей Константинович | B10: Кузнецова Мария Юрьевна | C10: 2023-09-04 | D10: 27991 | E10: 7
A11: Громова Мария Ильинична | B11: Петрова Вероника Александровна | C11: 2023-09-04 | D11: 21080 | E11: 9
A12: Яковлев Артем Игоревич | B12: Васильев Матвей Романович | C12: 2023-09-04 | D12: 13650 | E12: 4
A13: Сидорова Елена Васильевна | B13: Егоров Артем Никитич | C13: 2023-09-05 | D13: 36816 | E13: 2
... A1001: Ткаченко Андрей Олегович | B1001: Васильева Александра Александровна | C1001: 2024-09-02 | D1001: 49150 | E1001: 8

Sheet результат
A1: ФИО студента: | B1: Шемякина Варвара Алексеевна
A2: Задача 1 | B2: Для каждого менеджера найти метрики: | G2: ФИО Менеджера (по алфавиту) | H2: Клиенты | I2: Сумма | J2: Длительность, дни | K2: NPS
B3: - количество клиентов - (столбец H) | F3: 1 | G3: Белов Алексей Константинович | H3: =COUNTIF('Задача 1'!B:B,результат!G3) -> 75 | I3: =SUMIF(Данные!A:A,результат!G3,Данные!D:D) -> 5014390 | J3: =VLOOKUP(G3,'Задача 1.2'!A:C,3,0) -> 333 | K3: =( COUNTIFS(Данные!A:A,результат!G3,Данные!E:E,">=9") - COUNTIFS(Данные!A:A,результат!G3,Данные!E:E,"<=6") ) / COUNTIFS(Данные!A:A,результат!G3,Данные!E:E,"<=0") -> -16
B4: - сумма проектов - (столбец I) | F4: 2 | G4: Громова Мария Ильинична | H4: =COUNTIF('Задача 1'!B:B,результат!G4) -> 77 | I4: =SUMIF(Данные!A:A,результат!G4,Данные!D:D) -> 5117834 | J4: =VLOOKUP(G4,'Задача 1.2'!A:C,3,0) -> 227 | K4: =( COUNTIFS(Данные!A:A,результат!G4,Данные!E:E,">=9") - COUNTIFS(Данные!A:A,результат!G4,Данные!E:E,"<=6") ) / COUNTIFS(Данные!A:A,результат!G4,Данные!E:E,"<=0") -> -14
B5: - длительность работы с клиентом от первой сделки до последней - (столбец J) | F5: 3 | G5: Иванова Анна Сергеевна | H5: =COUNTIF('Задача 1'!B:B,результат!G5) -> 63 | I5: =SUMIF(Данные!A:A,результат!G5,Данные!D:D) -> 3924069 | J5: =VLOOKUP(G5,'Задача 1.2'!A:C,3,0) -> 221 | K5: =( COUNTIFS(Данные!A:A,результат!G5,Данные!E:E,">=9") - COUNTIFS(Данные!A:A,результат!G5,Данные!E:E,"<=6") ) / COUNTIFS(Данные!A:A,результат!G5,Данные!E:E,"<=0") -> -9
B6: (для каждого менеджера определить самого долгого клиента в днях | F6: 4 | G6: Кузнецов Дмитрий Львович | H6: =COUNTIF('Задача 1'!B:B,результат!G6) -> 67 | I6: =SUMIF(Данные!A:A,результат!G6,Данные!D:D) -> 4748937 | J6: =VLOOKUP(G6,'Задача 1.2'!A:C,3,0) -> 262 | K6: =( COUNTIFS(Данные!A:A,результат!G6,Данные!E:E,">=9") - COUNTIFS(Данные!A:A,результат!G6,Данные!E:E,"<=6") ) / COUNTIFS(Данные!A:A,результат!G6,Данные!E:E,"<=0") -> -29
B7: от даты заключения первого проекта до даты заключения последнего проекта). | F7: 5 | G7: Новикова Ольга Петровна | H7: =COUNTIF('Задача 1'!B:B,результат!G7) -> 75 | I7: =SUMIF(Данные!A:A,результат!G7,Данные!D:D) -> 4941526 | J7: =VLOOKUP(G7,'Задача 1.2'!A:C,3,0) -> 323 | K7: =( COUNTIFS(Данные!A:A,результат!G7,Данные!E:E,">=9") - COUNTIFS(Данные!A:A,результат!G7,Данные!E:E,"<=6") ) / COUNTIFS(Данные!A:A,результат!G7,Данные!E:E,"<=0") -> -19
B8: - NPS по всем проектам - (столбец K) | F8: 6 | G8: Орлов Павел Денисович | H8: =COUNTIF('Задача 1'!B:B,результат!G8) -> 69 | I8: =SUMIF(Данные!A:A,результат!G8,Данные!D:D) -> 4515870 | J8: =VLOOKUP(G8,'Задача 1.2'!A:C,3,0) -> 300 | K8: =( COUNTIFS(Данные!A:A,результат!G8,Данные!E:E,">=9") - COUNTIFS(Данные!A:A,результат!G8,Данные!E:E,"<=6") ) / COUNTIFS(Данные!A:A,результат!G8,Данные!E:E,"<=0") -> -14
F9: 7 | G9: Петров Владимир Кириллович | H9: =COUNTIF('Задача 1'!B:B,результат!G9) -> 72 | I9: =SUMIF(Данные!A:A,результат!G9,Данные!D:D) -> 5071015 | J9: =VLOOKUP(G9,'Задача 1.2'!A:C,3,0) -> 286 | K9: =( COUNTIFS(Данные!A:A,результат!G9,Данные!E:E,">=9") - COUNTIFS(Данные!A:A,результат!G9,Данные!E:E,"<=6") ) / COUNTIFS(Данные!A:A,результат!G9,Данные!E:E,"<=0") -> -15.5
F10: 8 | G10: Семенова Ирина Валерьевна | H10: =COUNTIF('Задача 1'!B:B,результат!G10) -> 50 | I10: =SUMIF(Данные!A:A,результат!G10,Данные!D:D) -> 3860169 | J10: =VLOOKUP(G10,'Задача 1.2'!A:C,3,0) -> 268 | K10: =( COUNTIFS(Данные!A:A,результат!G10,Данные!E:E,">=9") - COUNTIFS(Данные!A:A,результат!G10,Данные!E:E,"<=6") ) / COUNTIFS(Данные!A:A,результат!G10,Данные!E:E,"<=0") -> -12
F11: 9 | G11: Сидорова Елена Васильевна | H11: =COUNTIF('Задача 1'!B:B,результат!G11) -> 59 | I11: =SUMIF(Данные!A:A,результат!G11,Данные!D:D) -> 4408761 | J11: =VLOOKUP(G11,'Задача 1.2'!A:C,3,0) -> 302 | K11: =( COUNTIFS(Данные!A:A,результат!G11,Данные!E:E,">=9") - COUNTIFS(Данные!A:A,результат!G11,Данные!E:E,"<=6") ) / COUNTIFS(Данные!A:A,результат!G11,Данные!E:E,"<=0") -> -27
B12: Определить самого эффективного менеджера: | F12: 10 | G12: Ткаченко Андрей Олегович | H12: =COUNTIF('Задача 1'!B:B,результат!G12) -> 64 | I12: =SUMIF(Данные!A:A,результат!G12,Данные!D:D) -> 4502588 | J12: =VLOOKUP(G12,'Задача 1.2'!A:C,3,0) -> 280 | K12: =( COUNTIFS(Данные!A:A,результат!G12,Данные!E:E,">=9") - COUNTIFS(Данные!A:A,результат!G12,Данные!E:E,"<=6") ) / COUNTIFS(Данные!A:A,результат!G12,Данные!E:E,"<=0") -> -19
A13: по количеству клиентов | B13: =INDEX(G3:G14,MATCH(MAX(H3:H14),H3:H14,0)) -> Громова Мария Ильинична | F13: 11 | G13: Фролов Сергей Викторович | H13: =COUNTIF('Задача 1'!B:B,результат!G13) -> 67 | I13: =SUMIF(Данные!A:A,результат!G13,Данные!D:D) -> 4297231 | J13: =VLOOKUP(G13,'Задача 1.2'!A:C,3,0) -> 231 | K13: =( COUNTIFS(Данные!A:A,результат!G13,Данные!E:E,">=9") - COUNTIFS(Данные!A:A,результат!G13,Данные!E:E,"<=6") ) / COUNTIFS(Данные!A:A,результат!G13,Данные!E:E,"<=0") -> -10.5
F14: 12 | G14: Яковлев Артем Игоревич | H14: =COUNTIF('Задача 1'!B:B,результат!G14) -> 76 | I14: =SUMIF(Данные!A:A,результат!G14,Данные!D:D) -> 5294051 | J14: =VLOOKUP(G14,'Задача 1.2'!A:C,3,0) -> 329 | K14: =( COUNTIFS(Данные!A:A,результат!G14,Данные!E:E,">=9") - COUNTIFS(Данные!A:A,результат!G14,Данные!E:E,"<=6") ) / COUNTIFS(Данные!A:A,результат!G14,Данные!E:E,"<=0") -> -21.5
A15: по сумме проектов | B15: =INDEX(G3:G14,MATCH(MAX(I3:I14),I3:I14,0)) -> Яковлев Артем Игоревич
A17: по длительности работы | B17: =INDEX(G3:G14,MATCH(MAX(J3:J14),J3:J14,0)) -> Белов Алексей Константинович
A19: NPS | B19: =INDEX(G3:G14,MATCH(MAX(K3:K14),K3:K14,0)) -> Иванова Анна Сергеевна
A23: Задача 2 | B23: Оценить клиентов | G23: ТОП 10 клиентов по продажам
B24: - доходности (вывести топ 10 клиентов) | G24: ФИО | H24: Проекты | I24: Сумма
B25: - не переходил к другим менеджерам - вывести первых 10 по алфавиту | F25: 1 | G25: Кузнецов Михаил Артемович | H25: 2 | I25: 883676
B26: - по длительности (сколько месяцев суммарно обслуживался клиент) | F26: 2 | G26: Лебедева Анна Викторовна | H26: 5 | I26: 746080
F27: 3 | G27: Орлов Александр Иванович | H27: 3 | I27: 680657
F28: 4 | G28: Морозова Мария Дмитриевна | H28: 3 | I28: 636973
F29: 5 | G29: Степанова Полина Артемовна | H29: 8 | I29: 610926
F30: 6 | G30: Морозова София Геннадьевна | H30: 5 | I30: 596460
F31: 7 | G31: Егорова Алиса Егоровна | H31: 3 | I31: 583616
F32: 8 | G32: Кузнецов Иван Ильич | H32: 3 | I32: 565367
F33: 9 | G33: Петров Алексей Олегович | H33: 7 | I33: 561141
F34: 10 | G34: Морозова Валерия Ильинична | H34: 4 | I34: 561096
G37: 10 клиентов, которые обслуживались у одного менеджера (в алфавитном порядке)
G38: ФИО | H38: Проекты | I38: Сумма
F39: 1 | G39: Алексеева Ольга Сергеевна | H39: 3 | I39: 446016
F40: 2 | G40: Козлова Екатерина Олеговна | H40: 5 | I40: 163989
F41: 3 | G41: Кузнецова Юлия Андреевна | H41: 1 | I41: 0
F42: 4 | G42: Лебедев Константин Алексеевич | H42: 3 | I42: 326968
F43: 5 | G43: Морозов Кирилл Геннадьевич | H43: 6 | I43: 97355
F44: 6 | G44: Морозова Ольга Дмитриевна | H44: 5 | I44: 101763
F45: 7 | G45: Сидорова Наталья Викторовна | H45: 2 | I45: 387713
F46: 8 | G46: Смирнова Алиса Кирилловна | H46: 11 | I46: 132173
F47: 9 | G47: Смирнова Дарья Александровна | H47: 7 | I47: 278272
F48: 10 | G48: Степанов Илья Викторович | H48: 7 | I48: 499450
C51: всего месяцев | D51: 13
A52: Задача 3 | B52: 3. Построить динамику менеджеров во времени: | G52: Количество проектов на одного менеджера
B53: - месяц / кол-во проектов на одного менеджера | C53: начало | D53: конец | G53: ФИО Менеджера (по алфавиту) | H53: 2023-9 | I53: 2023-10 | J53: 2023-11 | K53: 2023-12 | L53: 2024-1 | M53: 2024-2 | N53: 2024-3 | O53: 2024-4 | P53: 2024-5 | Q53: 2024-6 | R53: 2024-7 | S53: 2024-8 | T53: 2024-9
B54: - месяц / NPS по компании | C54: 45170 | D54: 45537 | G54: Белов Алексей Константинович | H54: 7 | I54: 5 | J54: 8 | K54: 5 | L54: 11 | M54: 8 | N54: 1 | O54: 12 | P54: 14 | Q54: 5 | R54: 6 | S54: 9 | T54: 0
B55: - месяц / средняя доходность на один проект | C55: 2023 | D55: 2024 | G55: Громова Мария Ильинична | H55: 7 | I55: 4 | J55: 10 | K55: 6 | L55: 14 | M55: 5 | N55: 8 | O55: 8 | P55: 6 | Q55: 6 | R55: 8 | S55: 11 | T55: 0
C56: 9 | D56: 9 | G56: Иванова Анна Сергеевна | H56: 10 | I56: 5 | J56: 6 | K56: 3 | L56: 4 | M56: 6 | N56: 6 | O56: 7 | P56: 9 | Q56: 5 | R56: 5 | S56: 6 | T56: 1
G57: Кузнецов Дмитрий Львович | H57: 5 | I57: 7 | J57: 6 | K57: 9 | L57: 5 | M57: 12 | N57: 2 | O57: 7 | P57: 10 | Q57: 8 | R57: 6 | S57: 3 | T57: 0
G58: Новикова Ольга Петровна | H58: 9 | I58: 13 | J58: 6 | K58: 6 | L58: 7 | M58: 9 | N58: 3 | O58: 5 | P58: 12 | Q58: 11 | R58: 4 | S58: 5 | T58: 0
G59: Орлов Павел Денисович | H59: 7 | I59: 10 | J59: 8 | K59: 9 | L59: 7 | M59: 4 | N59: 3 | O59: 7 | P59: 7 | Q59: 10 | R59: 9 | S59: 6 | T59: 0
G60: Петров Владимир Кириллович | H60: 6 | I60: 5 | J60: 10 | K60: 7 | L60: 10 | M60: 10 | N60: 3 | O60: 9 | P60: 5 | Q60: 8 | R60: 6 | S60: 5 | T60: 0
G61: Семенова Ирина Валерьевна | H61: 6 | I61: 5 | J61: 6 | K61: 5 | L61: 8 | M61: 8 | N61: 1 | O61: 5 | P61: 6 | Q61: 1 | R61: 3 | S61: 7 | T61: 1
G62: Сидорова Елена Васильевна | H62: 11 | I62: 7 | J62: 6 | K62: 1 | L62: 11 | M62: 7 | N62: 7 | O62: 6 | P62: 9 | Q62: 8 | R62: 7 | S62: 4 | T62: 0
G63: Ткаченко Андрей Олегович | H63: 4 | I63: 11 | J63: 9 | K63: 5 | L63: 6 | M63: 2 | N63: 3 | O63: 7 | P63: 9 | Q63: 4 | R63: 8 | S63: 9 | T63: 1
G64: Фролов Сергей Викторович | H64: 8 | I64: 9 | J64: 6 | K64: 3 | L64: 5 | M64: 9 | N64: 11 | O64: 5 | P64: 3 | Q64: 8 | R64: 6 | S64: 6 | T64: 0
G65: Яковлев Артем Игоревич | H65: 13 | I65: 7 | J65: 5 | K65: 12 | L65: 10 | M65: 4 | N65: 8 | O65: 10 | P65: 8 | Q65: 9 | R65: 5 | S65: 8 | T65: 0
G67: NPS
G68: ФИО Менеджера (по алфавиту) | H68: 2023-9 | I68: 2023-10 | J68: 2023-11 | K68: 2023-12 | L68: 2024-1 | M68: 2024-2 | N68: 2024-3 | O68: 2024-4 | P68: 2024-5 | Q68: 2024-6 | R68: 2024-7 | S68: 2024-8 | T68: 2024-9
G69: Белов Алексей Константинович | H69: -0.14285714 | I69: 0 | J69: -0.25 | K69: -0.6 | L69: -0.18181818 | M69: -0.25 | N69: 1 | O69: -0.66666667 | P69: -0.57142857 | Q69: -0.2 | R69: -0.66666667 | S69: -0.22222222
G70: Громова Мария Ильинична | H70: -0.28571429 | I70: -0.5 | J70: -0.6 | K70: -0.33333333 | L70: -0.35714286 | M70: 0.4 | N70: -0.375 | O70: -0.875 | P70: -1 | Q70: -0.66666667 | R70: -0.75 | S70: -0.090909091
G71: Иванова Анна Сергеевна | H71: -0.2 | I71: 0 | J71: -0.33333333 | K71: -0.66666667 | L71: 0.25 | M71: -0.33333333 | N71: 0 | O71: -0.42857143 | P71: -0.66666667 | Q71: -0.2 | R71: -1 | S71: -0.83333333 | T71: 0
G72: Кузнецов Дмитрий Львович | H72: -0.6 | I72: -0.71428571 | J72: -0.83333333 | K72: -0.33333333 | L72: -0.6 | M72: -0.5 | N72: 0 | O72: -0.14285714 | P72: 0.3 | Q72: -0.625 | R72: 0 | S72: -0.33333333
G73: Новикова Ольга Петровна | H73: -0.44444444 | I73: -0.30769231 | J73: -0.5 | K73: -0.66666667 | L73: 0 | M73: -0.33333333 | N73: 0.33333333 | O73: -1 | P73: -0.58333333 | Q73: -0.27272727 | R73: -0.75 | S73: -0.6
G74: Орлов Павел Денисович | H74: -0.42857143 | I74: -0.3 | J74: -0.375 | K74: -0.77777778 | L74: -0.28571429 | M74: 0 | N74: -1 | O74: 0.14285714 | P74: -0.28571429 | Q74: -0.5 | R74: 0 | S74: -0.16666667
G75: Петров Владимир Кириллович | H75: 0 | I75: -0.6 | J75: -0.2 | K75: -0.42857143 | L75: -0.5 | M75: -0.4 | N75: 0 | O75: -0.33333333 | P75: -0.2 | Q75: -0.625 | R75: -0.83333333 | S75: 0
G76: Семенова Ирина Валерьевна | H76: -0.5 | I76: -0.6 | J76: -0.33333333 | K76: 0 | L76: -0.625 | M76: -0.5 | N76: 0 | O76: -0.6 | P76: -0.33333333 | Q76: -1 | R76: 0 | S76: 0 | T76: -1
G77: Сидорова Елена Васильевна | H77: -0.72727273 | I77: -0.28571429 | J77: -0.33333333 | K77: -1 | L77: -0.090909091 | M77: 0 | N77: -0.57142857 | O77: -0.5 | P77: -0.55555556 | Q77: -0.125 | R77: -0.14285714 | S77: 0.25
G78: Ткаченко Андрей Олегович | H78: -0.75 | I78: -0.090909091 | J78: -0.77777778 | K78: -0.4 | L78: -0.83333333 | M78: -1 | N78: -1 | O78: -0.71428571 | P78: -0.44444444 | Q78: 0 | R78: -0.25 | S78: -0.44444444 | T78: 0
G79: Фролов Сергей Викторович | H79: 0.375 | I79: -0.44444444 | J79: -0.16666667 | K79: -0.66666667 | L79: -0.2 | M79: -0.55555556 | N79: -0.54545455 | O79: -0.2 | P79: -0.33333333 | Q79: 0 | R79: -0.33333333 | S79: -0.16666667
G80: Яковлев Артем Игоревич | H80: -0.46153846 | I80: -0.42857143 | J80: 0 | K80: -0.5 | L80: -0.5 | M80: -1 | N80: -0.125 | O80: -0.6 | P80: -0.375 | Q80: -0.66666667 | R80: -0.6 | S80: 0
G82: средняя доходность на один проект
G83: ФИО Менеджера (по алфавиту) | H83: 2023-9 | I83: 2023-10 | J83: 2023-11 | K83: 2023-12 | L83: 2024-1 | M83: 2024-2 | N83: 2024-3 | O83: 2024-4 | P83: 2024-5 | Q83: 2024-6 | R83: 2024-7 | S83: 2024-8 | T83: 2024-9
G84: Белов Алексей Константинович | H84: 44198.143 | I84: 64761.8 | J84: 55382 | K84: 55137.2 | L84: 54766.273 | M84: 48445.125 | N84: 89836 | O84: 50780.417 | P84: 57919.857 | Q84: 54403 | R84: 60829.833 | S84: 58376.556
G85: Громова Мария Ильинична | H85: 51723 | I85: 57156.75 | J85: 60994.8 | K85: 68428.167 | L85: 64446.286 | M85: 44363.4 | N85: 62503.125 | O85: 49182.5 | P85: 55687.167 | Q85: 37653.833 | R85: 52137.375 | S85: 46539.455
G86: Иванова Анна Сергеевна | H86: 51770.9 | I86: 65455.4 | J86: 68378.667 | K86: 67235.333 | L86: 38204.25 | M86: 45538.333 | N86: 44994.667 | O86: 59895.286 | P86: 59967.889 | Q86: 49702 | R86: 47166.2 | S86: 42309.167 | T86: 73916
G87: Кузнецов Дмитрий Львович | H87: 52896.2 | I87: 66310.143 | J87: 69639.5 | K87: 71042.222 | L87: 46954.8 | M87: 40627 | N87: 77543.5 | O87: 64770.571 | P87: 50530.8 | Q87: 66807.625 | R87: 74635.833 | S87: 48235
G88: Новикова Ольга Петровна | H88: 53552.556 | I88: 54084.154 | J88: 53866.833 | K88: 62303.833 | L88: 55200.286 | M88: 62587.333 | N88: 37370 | O88: 49159.6 | P88: 44541.75 | Q88: 50321.636 | R88: 69892 | S88: 76846.4
G89: Орлов Павел Денисович | H89: 42800.429 | I89: 63963.6 | J89: 47786 | K89: 43298.111 | L89: 52770.571 | M89: 30652.5 | N89: 35515.667 | O89: 64680.143 | P89: 54354.143 | Q89: 60603.4 | R89: 59069 | S89: 39202.333
G90: Петров Владимир Кириллович | H90: 61875 | I90: 63303 | J90: 68735.7 | K90: 55562.143 | L90: 55565.7 | M90: 75523.9 | N90: 46964.667 | O90: 46952.556 | P90: 54363.2 | Q90: 65220.25 | R90: 59707.833 | S90: 56154
G91: Семенова Ирина Валерьевна | H91: 40299.167 | I91: 57859.2 | J91: 76573.667 | K91: 46008.6 | L91: 71184.5 | M91: 66874 | N91: 67613 | O91: 51997.2 | P91: 55839.833 | Q91: 99197 | R91: 77635.667 | S91: 63413.571 | T91: 96488
G92: Сидорова Елена Васильевна | H92: 39284.091 | I92: 46276.286 | J92: 72567.333 | K92: 15986 | L92: 52228.636 | M92: 40258.286 | N92: 64712.143 | O92: 57888.667 | P92: 56631.778 | Q92: 46253.875 | R92: 58034.429 | S92: 64678.5
G93: Ткаченко Андрей Олегович | H93: 50745.75 | I93: 63341.727 | J93: 58493.222 | K93: 62789.8 | L93: 67893.833 | M93: 82213.5 | N93: 52555.667 | O93: 55785.143 | P93: 56382.667 | Q93: 44061.25 | R93: 59477.875 | S93: 48204.778 | T93: 49150
G94: Фролов Сергей Викторович | H94: 48171.25 | I94: 55300.556 | J94: 55440.667 | K94: 46414 | L94: 48077.8 | M94: 71454.556 | N94: 48768.455 | O94: 52747.2 | P94: 46697.667 | Q94: 63935.75 | R94: 42502 | S94: 58668.333
G95: Яковлев Артем Игоревич | H95: 49469.308 | I95: 31825.143 | J95: 54131.6 | K95: 47363 | L95: 56997.5 | M95: 28155.5 | N95: 58867.625 | O95: 53726.3 | P95: 61016.125 | Q95: 68303.333 | R95: 62571 | S95: 60330.625

Sheet Лист2

Sheet Задача 1
A1: ФИО менеджера | B1: ФИО менеджера | C1: ФИО клиента | D1: Дата 1 | E1: Дата 2 | F1: Кол-во | K1: ФИО менеджера | L1: ФИО клиента | M1: Дата сделки | O1: ФИО менеджера | P1: ФИО клиента | Q1: Дата сделки
A2: Белов Алексей Константинович | B2: Белов Алексей Константинович | C2: Алексеев Матвей Александрович | D2: =VLOOKUP(B2&C2,J:M,4,0) -> 2024-02-12 | E2: =VLOOKUP(B2&C2,N:Q,4,0) -> 2024-02-12 | F2: =E2-D2 -> 0 | J2: =K2&L2 -> Ткаченко Андрей ОлеговичЛебедева Виктория Дмитриевна | K2: Ткаченко Андрей Олегович | L2: Лебедева Виктория Дмитриевна | M2: 2023-09-01 | N2: =O2&P2 -> Иванова Анна СергеевнаНовикова Екатерина Михайловна | O2: Иванова Анна Сергеевна | P2: Новикова Екатерина Михайловна | Q2: 2024-09-02
A3: Громова Мария Ильинична | B3: Белов Алексей Константинович | C3: Алексеева Елена Кирилловна | D3: =VLOOKUP(B3&C3,J:M,4,0) -> 2023-11-03 | E3: =VLOOKUP(B3&C3,N:Q,4,0) -> 2024-06-05 | F3: =E3-D3 -> 215 | J3: =K3&L3 -> Яковлев Артем ИгоревичСеменов Дмитрий Олегович | K3: Яковлев Артем Игоревич | L3: Семенов Дмитрий Олегович | M3: 2023-09-01 | N3: =O3&P3 -> Семенова Ирина ВалерьевнаЛебедев Максим Михайлович | O3: Семенова Ирина Валерьевна | P3: Лебедев Максим Михайлович | Q3: 2024-09-02
A4: Иванова Анна Сергеевна | B4: Белов Алексей Константинович | C4: Алексеева Светлана Станиславовна | D4: =VLOOKUP(B4&C4,J:M,4,0) -> 2023-09-14 | E4: =VLOOKUP(B4&C4,N:Q,4,0) -> 2023-09-14 | F4: =E4-D4 -> 0 | J4: =K4&L4 -> Кузнецов Дмитрий ЛьвовичНовикова Екатерина Ивановна | K4: Кузнецов Дмитрий Львович | L4: Новикова Екатерина Ивановна | M4: 2023-09-01 | N4: =O4&P4 -> Ткаченко Андрей ОлеговичВасильева Александра Александровна | O4: Ткаченко Андрей Олегович | P4: Васильева Александра Александровна | Q4: 2024-09-02
A5: Кузнецов Дмитрий Львович | B5: Белов Алексей Константинович | C5: Васильев Матвей Геннадьевич | D5: =VLOOKUP(B5&C5,J:M,4,0) -> 2023-12-27 | E5: =VLOOKUP(B5&C5,N:Q,4,0) -> 2023-12-27 | F5: =E5-D5 -> 0 | J5: =K5&L5 -> Семенова Ирина ВалерьевнаЕгорова Юлия Алексеевна | K5: Семенова Ирина Валерьевна | L5: Егорова Юлия Алексеевна | M5: 2023-09-01 | N5: =O5&P5 -> Фролов Сергей ВикторовичПетров Павел Кириллович | O5: Фролов Сергей Викторович | P5: Петров Павел Кириллович | Q5: 2024-08-30
A6: Новикова Ольга Петровна | B6: Белов Алексей Константинович | C6: Васильев Матвей Романович | D6: =VLOOKUP(B6&C6,J:M,4,0) -> 2024-02-16 | E6: =VLOOKUP(B6&C6,N:Q,4,0) -> 2024-02-16 | F6: =E6-D6 -> 0 | J6: =K6&L6 -> Громова Мария ИльиничнаПетров Илья Михайлович | K6: Громова Мария Ильинична | L6: Петров Илья Михайлович | M6: 2023-09-04 | N6: =O6&P6 -> Белов Алексей КонстантиновичЛебедев Дмитрий Викторович | O6: Белов Алексей Константинович | P6: Лебедев Дмитрий Викторович | Q6: 2024-08-30
A7: Орлов Павел Денисович | B7: Белов Алексей Константинович | C7: Васильев Михаил Павлович | D7: =VLOOKUP(B7&C7,J:M,4,0) -> 2023-11-15 | E7: =VLOOKUP(B7&C7,N:Q,4,0) -> 2023-11-15 | F7: =E7-D7 -> 0 | J7: =K7&L7 -> Яковлев Артем ИгоревичКузнецова Полина Романовна | K7: Яковлев Артем Игоревич | L7: Кузнецова Полина Романовна | M7: 2023-09-04 | N7: =O7&P7 -> Семенова Ирина ВалерьевнаАлексеева Елена Кирилловна | O7: Семенова Ирина Валерьевна | P7: Алексеева Елена Кирилловна | Q7: 2024-08-30
A8: Петров Владимир Кириллович | B8: Белов Алексей Константинович | C8: Васильев Никита Павлович | D8: =VLOOKUP(B8&C8,J:M,4,0) -> 2023-09-21 | E8: =VLOOKUP(B8&C8,N:Q,4,0) -> 2024-08-19 | F8: =E8-D8 -> 333 | J8: =K8&L8 -> Сидорова Елена ВасильевнаЛебедева Полина Ивановна | K8: Сидорова Елена Васильевна | L8: Лебедева Полина Ивановна | M8: 2023-09-04 | N8: =O8&P8 -> Сидорова Елена ВасильевнаОрлов Матвей Алексеевич | O8: Сидорова Елена Васильевна | P8: Орлов Матвей Алексеевич | Q8: 2024-08-29
A9: Семенова Ирина Валерьевна | B9: Белов Алексей Константинович | C9: Васильев Павел Егорович | D9: =VLOOKUP(B9&C9,J:M,4,0) -> 2023-11-01 | E9: =VLOOKUP(B9&C9,N:Q,4,0) -> 2023-11-01 | F9: =E9-D9 -> 0 | J9: =K9&L9 -> Яковлев Артем ИгоревичКузнецов Никита Андреевич | K9: Яковлев Артем Игоревич | L9: Кузнецов Никита Андреевич | M9: 2023-09-04 | N9: =O9&P9 -> Орлов Павел ДенисовичПавлов Павел Юрьевич | O9: Орлов Павел Денисович | P9: Павлов Павел Юрьевич | Q9: 2024-08-29
A10: Сидорова Елена Васильевна | B10: Белов Алексей Константинович | C10: Васильева Людмила Ивановна | D10: =VLOOKUP(B10&C10,J:M,4,0) -> 2024-06-12 | E10: =VLOOKUP(B10&C10,N:Q,4,0) -> 2024-06-12 | F10: =E10-D10 -> 0 | J10: =K10&L10 -> Белов Алексей КонстантиновичКузнецова Мария Юрьевна | K10: Белов Алексей Константинович | L10: Кузнецова Мария Юрьевна | M10: 2023-09-04 | N10: =O10&P10 -> Ткаченко Андрей ОлеговичСмирнов Павел Геннадьевич | O10: Ткаченко Андрей Олегович | P10: Смирнов Павел Геннадьевич | Q10: 2024-08-29
A11: Ткаченко Андрей Олегович | B11: Белов Алексей Константинович | C11: Волков Александр Юрьевич | D11: =VLOOKUP(B11&C11,J:M,4,0) -> 2024-01-15 | E11: =VLOOKUP(B11&C11,N:Q,4,0) -> 2024-01-15 | F11: =E11-D11 -> 0 | J11: =K11&L11 -> Громова Мария ИльиничнаПетрова Вероника Александровна | K11: Громова Мария Ильинична | L11: Петрова Вероника Александровна | M11: 2023-09-04 | N11: =O11&P11 -> Фролов Сергей ВикторовичСидорова Елена Кирилловна | O11: Фролов Сергей Викторович | P11: Сидорова Елена Кирилловна | Q11: 2024-08-29
A12: Фролов Сергей Викторович | B12: Белов Алексей Константинович | C12: Волкова Татьяна Кирилловна | D12: =VLOOKUP(B12&C12,J:M,4,0) -> 2024-05-13 | E12: =VLOOKUP(B12&C12,N:Q,4,0) -> 2024-05-13 | F12: =E12-D12 -> 0 | J12: =K12&L12 -> Яковлев Артем ИгоревичВасильев Матвей Романович | K12: Яковлев Артем Игоревич | L12: Васильев Матвей Романович | M12: 2023-09-04 | N12: =O12&P12 -> Ткаченко Андрей ОлеговичЛебедева Юлия Олеговна | O12: Ткаченко Андрей Олегович | P12: Лебедева Юлия Олеговна | Q12: 2024-08-29
A13: Яковлев Артем Игоревич | B13: Белов Алексей Константинович | C13: Егоров Никита Ильич | D13: =VLOOKUP(B13&C13,J:M,4,0) -> 2024-07-11 | E13: =VLOOKUP(B13&C13,N:Q,4,0) -> 2024-07-11 | F13: =E13-D13 -> 0 | J13: =K13&L13 -> Сидорова Елена ВасильевнаЕгоров Артем Никитич | K13: Сидорова Елена Васильевна | L13: Егоров Артем Никитич | M13: 2023-09-05 | N13: =O13&P13 -> Яковлев Артем ИгоревичИванов Дмитрий Павлович | O13: Яковлев Артем Игоревич | P13: Иванов Дмитрий Павлович | Q13: 2024-08-28
B14: Белов Алексей Константинович | C14: Егорова Ирина Павловна | D14: =VLOOKUP(B14&C14,J:M,4,0) -> 2024-01-11 | E14: =VLOOKUP(B14&C14,N:Q,4,0) -> 2024-05-23 | F14: =E14-D14 -> 133 | J14: =K14&L14 -> Сидорова Елена ВасильевнаОрлова София Станиславовна | K14: Сидорова Елена Васильевна | L14: Орлова София Станиславовна | M14: 2023-09-05 | N14: =O14&P14 -> Сидорова Елена ВасильевнаНовикова Ирина Юрьевна | O14: Сидорова Елена Васильевна | P14: Новикова Ирина Юрьевна | Q14: 2024-08-28
B15: Белов Алексей Константинович | C15: Егорова Наталья Дмитриевна | D15: =VLOOKUP(B15&C15,J:M,4,0) -> 2024-02-01 | E15: =VLOOKUP(B15&C15,N:Q,4,0) -> 2024-08-01 | F15: =E15-D15 -> 182 | J15: =K15&L15 -> Иванова Анна СергеевнаОрлова Ирина Ильинична | K15: Иванова Анна Сергеевна | L15: Орлова Ирина Ильинична | M15: 2023-09-05 | N15: =O15&P15 -> Петров Владимир КирилловичКозлов Роман Александрович | O15: Петров Владимир Кириллович | P15: Козлов Роман Александрович | Q15: 2024-08-27
B16: Белов Алексей Константинович | C16: Иванов Илья Артемович | D16: =VLOOKUP(B16&C16,J:M,4,0) -> 2024-05-20 | E16: =VLOOKUP(B16&C16,N:Q,4,0) -> 2024-05-20 | F16: =E16-D16 -> 0 | J16: =K16&L16 -> Семенова Ирина ВалерьевнаОрлов Георгий Кириллович | K16: Семенова Ирина Валерьевна | L16: Орлов Георгий Кириллович | M16: 2023-09-06 | N16: =O16&P16 -> Иванова Анна СергеевнаНиколаев Егор Романович | O16: Иванова Анна Сергеевна | P16: Николаев Егор Романович | Q16: 2024-08-27
B17: Белов Алексей Константинович | C17: Козлов Роман Александрович | D17: =VLOOKUP(B17&C17,J:M,4,0) -> 2024-01-08 | E17: =VLOOKUP(B17&C17,N:Q,4,0) -> 2024-01-08 | F17: =E17-D17 -> 0 | J17: =K17&L17 -> Семенова Ирина ВалерьевнаПетрова Валерия Павловна | K17: Семенова Ирина Валерьевна | L17: Петрова Валерия Павловна | M17: 2023-09-07 | N17: =O17&P17 -> Новикова Ольга ПетровнаФедоров Владимир Артемович | O17: Новикова Ольга Петровна | P17: Федоров Владимир Артемович | Q17: 2024-08-26
B18: Белов Алексей Константинович | C18: Козлов Роман Владимирович | D18: =VLOOKUP(B18&C18,J:M,4,0) -> 2024-05-23 | E18: =VLOOKUP(B18&C18,N:Q,4,0) -> 2024-05-23 | F18: =E18-D18 -> 0 | J18: =K18&L18 -> Иванова Анна СергеевнаФедоров Илья Владимирович | K18: Иванова Анна Сергеевна | L18: Федоров Илья Владимирович | M18: 2023-09-07 | N18: =O18&P18 -> Ткаченко Андрей ОлеговичЛебедев Дмитрий Викторович | O18: Ткаченко Андрей Олегович | P18: Лебедев Дмитрий Викторович | Q18: 2024-08-26
B19: Белов Алексей Константинович | C19: Козлова Екатерина Олеговна | D19: =VLOOKUP(B19&C19,J:M,4,0) -> 2024-06-10 | E19: =VLOOKUP(B19&C19,N:Q,4,0) -> 2024-06-10 | F19: =E19-D19 -> 0 | J19: =K19&L19 -> Громова Мария ИльиничнаФедоров Илья Владимирович | K19: Громова Мария Ильинична | L19: Федоров Илья Владимирович | M19: 2023-09-07 | N19: =O19&P19 -> Иванова Анна СергеевнаЕгорова Ирина Павловна | O19: Иванова Анна Сергеевна | P19: Егорова Ирина Павловна | Q19: 2024-08-26
B20: Белов Алексей Константинович | C20: Кузнецов Георгий Кириллович | D20: =VLOOKUP(B20&C20,J:M,4,0) -> 2023-12-25 | E20: =VLOOKUP(B20&C20,N:Q,4,0) -> 2023-12-25 | F20: =E20-D20 -> 0 | J20: =K20&L20 -> Ткаченко Андрей ОлеговичСтепанова Полина Артемовна | K20: Ткаченко Андрей Олегович | L20: Степанова Полина Артемовна | M20: 2023-09-07 | N20: =O20&P20 -> Громова Мария ИльиничнаМорозов Артем Александрович | O20: Громова Мария Ильинична | P20: Морозов Артем Александрович | Q20: 2024-08-26
B21: Белов Алексей Константинович | C21: Кузнецов Михаил Артемович | D21: =VLOOKUP(B21&C21,J:M,4,0) -> 2024-05-31 | E21: =VLOOKUP(B21&C21,N:Q,4,0) -> 2024-05-31 | F21: =E21-D21 -> 0 | J21: =K21&L21 -> Громова Мария ИльиничнаНовиков Михаил Владимирович | K21: Громова Мария Ильинична | L21: Новиков Михаил Владимирович | M21: 2023-09-07 | N21: =O21&P21 -> Белов Алексей КонстантиновичКузнецов Сергей Кириллович | O21: Белов Алексей Константинович | P21: Кузнецов Сергей Кириллович | Q21: 2024-08-26
B22: Белов Алексей Константинович | C22: Кузнецов Сергей Кириллович | D22: =VLOOKUP(B22&C22,J:M,4,0) -> 2024-08-26 | E22: =VLOOKUP(B22&C22,N:Q,4,0) -> 2024-08-26 | F22: =E22-D22 -> 0 | J22: =K22&L22 -> Громова Мария ИльиничнаИванов Александр Павлович | K22: Громова Мария Ильинична | L22: Иванов Александр Павлович | M22: 2023-09-08 | N22: =O22&P22 -> Кузнецов Дмитрий ЛьвовичПавлова София Владимировна | O22: Кузнецов Дмитрий Львович | P22: Павлова София Владимировна | Q22: 2024-08-26
B23: Белов Алексей Константинович | C23: Кузнецова Дарья Дмитриевна | D23: =VLOOKUP(B23&C23,J:M,4,0) -> 2024-04-08 | E23: =VLOOKUP(B23&C23,N:Q,4,0) -> 2024-04-08 | F23: =E23-D23 -> 0 | J23: =K23&L23 -> Кузнецов Дмитрий ЛьвовичПетров Иван Артемович | K23: Кузнецов Дмитрий Львович | L23: Петров Иван Артемович | M23: 2023-09-08 | N23: =O23&P23 -> Громова Мария ИльиничнаПавлова Екатерина Егоровна | O23: Громова Мария Ильинична | P23: Павлова Екатерина Егоровна | Q23: 2024-08-26
B24: Белов Алексей Константинович | C24: Кузнецова Ирина Владимировна | D24: =VLOOKUP(B24&C24,J:M,4,0) -> 2024-01-18 | E24: =VLOOKUP(B24&C24,N:Q,4,0) -> 2024-08-20 | F24: =E24-D24 -> 215 | J24: =K24&L24 -> Фролов Сергей ВикторовичФедоров Роман Дмитриевич | K24: Фролов Сергей Викторович | L24: Федоров Роман Дмитриевич | M24: 2023-09-08 | N24: =O24&P24 -> Новикова Ольга ПетровнаНовикова Анна Геннадьевна | O24: Новикова Ольга Петровна | P24: Новикова Анна Геннадьевна | Q24: 2024-08-23
B25: Белов Алексей Константинович | C25: Кузнецова Мария Юрьевна | D25: =VLOOKUP(B25&C25,J:M,4,0) -> 2023-09-04 | E25: =VLOOKUP(B25&C25,N:Q,4,0) -> 2023-09-04 | F25: =E25-D25 -> 0 | J25: =K25&L25 -> Кузнецов Дмитрий ЛьвовичНовикова Людмила Кирилловна | K25: Кузнецов Дмитрий Львович | L25: Новикова Людмила Кирилловна | M25: 2023-09-08 | N25: =O25&P25 -> Громова Мария ИльиничнаЕгоров Константин Ильич | O25: Громова Мария Ильинична | P25: Егоров Константин Ильич | Q25: 2024-08-21
... B815: Яковлев Артем Игоревич | C815: Федоров Дмитрий Михайлович | D815: =VLOOKUP(B815&C815,J:M,4,0) -> 2024-04-30 | E815: =VLOOKUP(B815&C815,N:Q,4,0) -> 2024-04-30 | F815: =E815-D815 -> 0 | J815: =K815&L815 -> Ткаченко Андрей ОлеговичЕгоров Никита Ильич | K815: Ткаченко Андрей Олегович | L815: Егоров Никита Ильич | M815: 2024-06-18 | N815: =O815&P815 -> Петров Владимир КирилловичПетров Илья Андреевич | O815: Петров Владимир Кириллович | P815: Петров Илья Андреевич | Q815: 2023-11-03
J816: =K816&L816 -> Громова Мария ИльиничнаВасильева София Александровна | K816: Громова Мария Ильинична | L816: Васильева София Александровна | M816: 2024-06-18 | N816: =O816&P816 -> Новикова Ольга ПетровнаПетров Илья Михайлович | O816: Новикова Ольга Петровна | P816: Петров Илья Михайлович | Q816: 2023-11-02
J817: =K817&L817 -> Петров Владимир КирилловичНовиков Михаил Владимирович | K817: Петров Владимир Кириллович | L817: Новиков Михаил Владимирович | M817: 2024-06-18 | N817: =O817&P817 -> Ткаченко Андрей ОлеговичМорозов Андрей Никитич | O817: Ткаченко Андрей Олегович | P817: Морозов Андрей Никитич | Q817: 2023-11-02
J818: =K818&L818 -> Ткаченко Андрей ОлеговичВасильев Матвей Андреевич | K818: Ткаченко Андрей Олегович | L818: Васильев Матвей Андреевич | M818: 2024-06-19 | N818: =O818&P818 -> Орлов Павел ДенисовичОрлова Юлия Алексеевна | O818: Орлов Павел Денисович | P818: Орлова Юлия Алексеевна | Q818: 2023-11-01
J819: =K819&L819 -> Сидорова Елена ВасильевнаНиколаева Полина Егоровна | K819: Сидорова Елена Васильевна | L819: Николаева Полина Егоровна | M819: 2024-06-19 | N819: =O819&P819 -> Белов Алексей КонстантиновичВасильев Павел Егорович | O819: Белов Алексей Константинович | P819: Васильев Павел Егорович | Q819: 2023-11-01
J820: =K820&L820 -> Сидорова Елена ВасильевнаКозлов Роман Александрович | K820: Сидорова Елена Васильевна | L820: Козлов Роман Александрович | M820: 2024-06-19 | N820: =O820&P820 -> Громова Мария ИльиничнаМорозова Валерия Ильинична | O820: Громова Мария Ильинична | P820: Морозова Валерия Ильинична | Q820: 2023-11-01
J821: =K821&L821 -> Семенова Ирина ВалерьевнаМорозов Максим Андреевич | K821: Семенова Ирина Валерьевна | L821: Морозов Максим Андреевич | M821: 2024-06-19 | N821: =O821&P821 -> Ткаченко Андрей ОлеговичПавлов Роман Владимирович | O821: Ткаченко Андрей Олегович | P821: Павлов Роман Владимирович | Q821: 2023-10-31
J822: =K822&L822 -> Белов Алексей КонстантиновичПетров Павел Кириллович | K822: Белов Алексей Константинович | L822: Петров Павел Кириллович | M822: 2024-06-20 | N822: =O822&P822 -> Иванова Анна СергеевнаСмирнова Юлия Олеговна | O822: Иванова Анна Сергеевна | P822: Смирнова Юлия Олеговна | Q822: 2023-10-30
J823: =K823&L823 -> Яковлев Артем ИгоревичКозлов Илья Егорович | K823: Яковлев Артем Игоревич | L823: Козлов Илья Егорович | M823: 2024-06-20 | N823: =O823&P823 -> Фролов Сергей ВикторовичВасильев Никита Павлович | O823: Фролов Сергей Викторович | P823: Васильев Никита Павлович | Q823: 2023-10-30
J824: =K824&L824 -> Громова Мария ИльиничнаМорозова Мария Дмитриевна | K824: Громова Мария Ильинична | L824: Морозова Мария Дмитриевна | M824: 2024-06-21 | N824: =O824&P824 -> Петров Владимир КирилловичСмирнов Дмитрий Никитич | O824: Петров Владимир Кириллович | P824: Смирнов Дмитрий Никитич | Q824: 2023-10-30
J825: =K825&L825 -> Новикова Ольга ПетровнаСтепанова Полина Артемовна | K825: Новикова Ольга Петровна | L825: Степанова Полина Артемовна | M825: 2024-06-21 | N825: =O825&P825 -> Новикова Ольга ПетровнаСидоров Дмитрий Кириллович | O825: Новикова Ольга Петровна | P825: Сидоров Дмитрий Кириллович | Q825: 2023-10-30
J826: =K826&L826 -> Новикова Ольга ПетровнаПетров Илья Андреевич | K826: Новикова Ольга Петровна | L826: Петров Илья Андреевич | M826: 2024-06-24 | N826: =O826&P826 -> Фролов Сергей ВикторовичОрлов Матвей Алексеевич | O826: Фролов Сергей Викторович | P826: Орлов Матвей Алексеевич | Q826: 2023-10-30
J827: =K827&L827 -> Яковлев Артем ИгоревичЛебедева Анна Викторовна | K827: Яковлев Артем Игоревич | L827: Лебедева Анна Викторовна | M827: 2024-06-24 | N827: =O827&P827 -> Орлов Павел ДенисовичОрлов Александр Иванович | O827: Орлов Павел Денисович | P827: Орлов Александр Иванович | Q827: 2023-10-30
... J1001: =K1001&L1001 -> Ткаченко Андрей ОлеговичВасильева Александра Александровна | K1001: Ткаченко Андрей Олегович | L1001: Васильева Александра Александровна | M1001: 2024-09-02 | N1001: =O1001&P1001 -> Семенова Ирина ВалерьевнаЕгорова Юлия Алексеевна | O1001: Семенова Ирина Валерьевна | P1001: Егорова Юлия Алексеевна | Q1001: 2023-09-01

Sheet Задача 1.2
A1: ФИО менеджера | B1: ФИО клиента | C1: Кол-во
A2: Белов Алексей Константинович | B2: Васильев Никита Павлович | C2: 333
A3: Яковлев Артем Игоревич | B3: Орлов Александр Иванович | C3: 329
A4: Новикова Ольга Петровна | B4: Орлова Полина Олеговна | C4: 323
A5: Новикова Ольга Петровна | B5: Иванов Илья Артемович | C5: 320
A6: Яковлев Артем Игоревич | B6: Кузнецов Никита Андреевич | C6: 315
A7: Белов Алексей Константинович | B7: Петров Алексей Сергеевич | C7: 309
A8: Сидорова Елена Васильевна | B8: Егоров Максим Олегович | C8: 302
A9: Орлов Павел Денисович | B9: Лебедева Анна Викторовна | C9: 300
A10: Сидорова Елена Васильевна | B10: Орлов Александр Иванович | C10: 289
A11: Яковлев Артем Игоревич | B11: Лебедев Артем Кириллович | C11: 287
A12: Петров Владимир Кириллович | B12: Петров Илья Андреевич | C12: 286
A13: Ткаченко Андрей Олегович | B13: Петрова Вероника Александровна | C13: 280
... A815: Яковлев Артем Игоревич | B815: Федоров Дмитрий Михайлович | C815: 0

Sheet Задача 2
A1: ФИО клиента | B1: Проекты | C1: Сумма | G1: Менеджеры
A2: Алексеев Матвей Александрович | B2: 2 | C2: 100664 | G2: =COUNTIF('Задача 1'!C:C,'Задача 2'!A2) -> 3
A3: Алексеева Елена Кирилловна | B3: 3 | C3: 530673 | G3: =COUNTIF('Задача 1'!C:C,'Задача 2'!A3) -> 5
A4: Алексеева Ольга Сергеевна | B4: 3 | C4: 446016 | G4: =COUNTIF('Задача 1'!C:C,'Задача 2'!A4) -> 1
A5: Алексеева Светлана Станиславовна | B5: 6 | C5: 451314 | G5: =COUNTIF('Задача 1'!C:C,'Задача 2'!A5) -> 8
A6: Васильев Илья Александрович | B6: 2 | C6: 87378 | G6: =COUNTIF('Задача 1'!C:C,'Задача 2'!A6) -> 2
A7: Васильев Константин Алексеевич | B7: 3 | C7: 226507 | G7: =COUNTIF('Задача 1'!C:C,'Задача 2'!A7) -> 2
A8: Васильев Константин Геннадьевич | B8: 5 | C8: 168973 | G8: =COUNTIF('Задача 1'!C:C,'Задача 2'!A8) -> 7
A9: Васильев Матвей Андреевич | B9: 5 | C9: 209335 | G9: =COUNTIF('Задача 1'!C:C,'Задача 2'!A9) -> 5
A10: Васильев Матвей Геннадьевич | B10: 6 | C10: 157987 | G10: =COUNTIF('Задача 1'!C:C,'Задача 2'!A10) -> 5
A11: Васильев Матвей Романович | B11: 4 | C11: 439379 | G11: =COUNTIF('Задача 1'!C:C,'Задача 2'!A11) -> 5
A12: Васильев Михаил Павлович | B12: 7 | C12: 210364 | G12: =COUNTIF('Задача 1'!C:C,'Задача 2'!A12) -> 4
A13: Васильев Никита Павлович | B13: 7 | C13: 202292 | G13: =COUNTIF('Задача 1'!C:C,'Задача 2'!A13) -> 5
... A197: Федорова Ольга Викторовна | B197: 7 | C197: 351667 | G197: =COUNTIF('Задача 1'!C:C,'Задача 2'!A197) -> 5

Sheet Задача 3.1
A1: ФИО менеджера | B1: ФИО клиента | C1: Дата сделки | D1: Сумма сделки | E1: NPS | F1: Год | G1: Месяц | H1: ГМ
A2: Ткаченко Андрей Олегович | B2: Лебедева Виктория Дмитриевна | C2: 2023-09-01 | D2: 31810 | E2: 5 | F2: =YEAR(C2) -> 2023 | G2: =MONTH(C2) -> 9 | H2: =F2&"-"&G2 -> 2023-9
A3: Яковлев Артем Игоревич | B3: Семенов Дмитрий Олегович | C3: 2023-09-01 | D3: 79983 | E3: 8 | F3: =YEAR(C3) -> 2023 | G3: =MONTH(C3) -> 9 | H3: =F3&"-"&G3 -> 2023-9
A4: Кузнецов Дмитрий Львович | B4: Новикова Екатерина Ивановна | C4: 2023-09-01 | D4: 65103 | E4: 7 | F4: =YEAR(C4) -> 2023 | G4: =MONTH(C4) -> 9 | H4: =F4&"-"&G4 -> 2023-9
A5: Семенова Ирина Валерьевна | B5: Егорова Юлия Алексеевна | C5: 2023-09-01 | D5: 45916 | E5: 8 | F5: =YEAR(C5) -> 2023 | G5: =MONTH(C5) -> 9 | H5: =F5&"-"&G5 -> 2023-9
A6: Громова Мария Ильинична | B6: Петров Илья Михайлович | C6: 2023-09-04 | D6: 26479 | E6: 7 | F6: =YEAR(C6) -> 2023 | G6: =MONTH(C6) -> 9 | H6: =F6&"-"&G6 -> 2023-9
A7: Яковлев Артем Игоревич | B7: Кузнецова Полина Романовна | C7: 2023-09-04 | D7: 65924 | E7: 8 | F7: =YEAR(C7) -> 2023 | G7: =MONTH(C7) -> 9 | H7: =F7&"-"&G7 -> 2023-9
A8: Сидорова Елена Васильевна | B8: Лебедева Полина Ивановна | C8: 2023-09-04 | D8: 84442 | E8: 5 | F8: =YEAR(C8) -> 2023 | G8: =MONTH(C8) -> 9 | H8: =F8&"-"&G8 -> 2023-9
A9: Яковлев Артем Игоревич | B9: Кузнецов Никита Андреевич | C9: 2023-09-04 | D9: 36848 | E9: 6 | F9: =YEAR(C9) -> 2023 | G9: =MONTH(C9) -> 9 | H9: =F9&"-"&G9 -> 2023-9
A10: Белов Алексей Константинович | B10: Кузнецова Мария Юрьевна | C10: 2023-09-04 | D10: 27991 | E10: 7 | F10: =YEAR(C10) -> 2023 | G10: =MONTH(C10) -> 9 | H10: =F10&"-"&G10 -> 2023-9
A11: Громова Мария Ильинична | B11: Петрова Вероника Александровна | C11: 2023-09-04 | D11: 21080 | E11: 9 | F11: =YEAR(C11) -> 2023 | G11: =MONTH(C11) -> 9 | H11: =F11&"-"&G11 -> 2023-9
A12: Яковлев Артем Игоревич | B12: Васильев Матвей Романович | C12: 2023-09-04 | D12: 13650 | E12: 4 | F12: =YEAR(C12) -> 2023 | G12: =MONTH(C12) -> 9 | H12: =F12&"-"&G12 -> 2023-9
A13: Сидорова Елена Васильевна | B13: Егоров Артем Никитич | C13: 2023-09-05 | D13: 36816 | E13: 2 | F13: =YEAR(C13) -> 2023 | G13: =MONTH(C13) -> 9 | H13: =F13&"-"&G13 -> 2023-9
... A1001: Ткаченко Андрей Олегович | B1001: Васильева Александра Александровна | C1001: 2024-09-02 | D1001: 49150 | E1001: 8 | F1001: =YEAR(C1001) -> 2024 | G1001: =MONTH(C1001) -> 9 | H1001: =F1001&"-"&G1001 -> 2024-9

Sheet Задача 3
B1: 2023-9 | C1: 2023-10 | D1: 2023-11 | E1: 2023-12 | F1: 2024-1 | G1: 2024-2 | H1: 2024-3 | I1: 2024-4 | J1: 2024-5 | K1: 2024-6 | L1: 2024-7 | M1: 2024-8 | N1: 2024-9 | Q1: ФИО менеджера | R1: ФИО клиента | S1: Дата сделки | T1: Сумма сделки | U1: NPS | V1: Год | W1: Месяц | X1: Год
A2: Белов Алексей Константинович | B2: =COUNTIFS($Q:$Q,$A2,$X:$X,B$1) -> 7 | C2: =COUNTIFS($Q:$Q,$A2,$X:$X,C$1) -> 5 | D2: =COUNTIFS($Q:$Q,$A2,$X:$X,D$1) -> 8 | E2: =COUNTIFS($Q:$Q,$A2,$X:$X,E$1) -> 5 | F2: =COUNTIFS($Q:$Q,$A2,$X:$X,F$1) -> 11 | G2: =COUNTIFS($Q:$Q,$A2,$X:$X,G$1) -> 8 | H2: =COUNTIFS($Q:$Q,$A2,$X:$X,H$1) -> 1 | I2: =COUNTIFS($Q:$Q,$A2,$X:$X,I$1) -> 12 | ... N2: =COUNTIFS($Q:$Q,$A2,$X:$X,N$1) -> 0 | Q2: Ткаченко Андрей Олегович | R2: Лебедева Виктория Дмитриевна | S2: 2023-09-01 | T2: 31810 | U2: 5 | V2: =YEAR(S2) -> 2023 | W2: =MONTH(S2) -> 9 | X2: =V2&"-"&W2 -> 2023-9
A3: Громова Мария Ильинична | B3: =COUNTIFS($Q:$Q,$A3,$X:$X,B$1) -> 7 | C3: =COUNTIFS($Q:$Q,$A3,$X:$X,C$1) -> 4 | D3: =COUNTIFS($Q:$Q,$A3,$X:$X,D$1) -> 10 | E3: =COUNTIFS($Q:$Q,$A3,$X:$X,E$1) -> 6 | F3: =COUNTIFS($Q:$Q,$A3,$X:$X,F$1) -> 14 | G3: =COUNTIFS($Q:$Q,$A3,$X:$X,G$1) -> 5 | H3: =COUNTIFS($Q:$Q,$A3,$X:$X,H$1) -> 8 | I3: =COUNTIFS($Q:$Q,$A3,$X:$X,I$1) -> 8 | ... N3: =COUNTIFS($Q:$Q,$A3,$X:$X,N$1) -> 0 | Q3: Яковлев Артем Игоревич | R3: Семенов Дмитрий Олегович | S3: 2023-09-01 | T3: 79983 | U3: 8 | V3: =YEAR(S3) -> 2023 | W3: =MONTH(S3) -> 9 | X3: =V3&"-"&W3 -> 2023-9
A4: Иванова Анна Сергеевна | B4: =COUNTIFS($Q:$Q,$A4,$X:$X,B$1) -> 10 | C4: =COUNTIFS($Q:$Q,$A4,$X:$X,C$1) -> 5 | D4: =COUNTIFS($Q:$Q,$A4,$X:$X,D$1) -> 6 | E4: =COUNTIFS($Q:$Q,$A4,$X:$X,E$1) -> 3 | F4: =COUNTIFS($Q:$Q,$A4,$X:$X,F$1) -> 4 | G4: =COUNTIFS($Q:$Q,$A4,$X:$X,G$1) -> 6 | H4: =COUNTIFS($Q:$Q,$A4,$X:$X,H$1) -> 6 | I4: =COUNTIFS($Q:$Q,$A4,$X:$X,I$1) -> 7 | ... N4: =COUNTIFS($Q:$Q,$A4,$X:$X,N$1) -> 1 | Q4: Кузнецов Дмитрий Львович | R4: Новикова Екатерина Ивановна | S4: 2023-09-01 | T4: 65103 | U4: 7 | V4: =YEAR(S4) -> 2023 | W4: =MONTH(S4) -> 9 | X4: =V4&"-"&W4 -> 2023-9
A5: Кузнецов Дмитрий Львович | B5: =COUNTIFS($Q:$Q,$A5,$X:$X,B$1) -> 5 | C5: =COUNTIFS($Q:$Q,$A5,$X:$X,C$1) -> 7 | D5: =COUNTIFS($Q:$Q,$A5,$X:$X,D$1) -> 6 | E5: =COUNTIFS($Q:$Q,$A5,$X:$X,E$1) -> 9 | F5: =COUNTIFS($Q:$Q,$A5,$X:$X,F$1) -> 5 | G5: =COUNTIFS($Q:$Q,$A5,$X:$X,G$1) -> 12 | H5: =COUNTIFS($Q:$Q,$A5,$X:$X,H$1) -> 2 | I5: =COUNTIFS($Q:$Q,$A5,$X:$X,I$1) -> 7 | ... N5: =COUNTIFS($Q:$Q,$A5,$X:$X,N$1) -> 0 | Q5: Семенова Ирина Валерьевна | R5: Егорова Юлия Алексеевна | S5: 2023-09-01 | T5: 45916 | U5: 8 | V5: =YEAR(S5) -> 2023 | W5: =MONTH(S5) -> 9 | X5: =V5&"-"&W5 -> 2023-9
A6: Новикова Ольга Петровна | B6: =COUNTIFS($Q:$Q,$A6,$X:$X,B$1) -> 9 | C6: =COUNTIFS($Q:$Q,$A6,$X:$X,C$1) -> 13 | D6: =COUNTIFS($Q:$Q,$A6,$X:$X,D$1) -> 6 | E6: =COUNTIFS($Q:$Q,$A6,$X:$X,E$1) -> 6 | F6: =COUNTIFS($Q:$Q,$A6,$X:$X,F$1) -> 7 | G6: =COUNTIFS($Q:$Q,$A6,$X:$X,G$1) -> 9 | H6: =COUNTIFS($Q:$Q,$A6,$X:$X,H$1) -> 3 | I6: =COUNTIFS($Q:$Q,$A6,$X:$X,I$1) -> 5 | ... N6: =COUNTIFS($Q:$Q,$A6,$X:$X,N$1) -> 0 | Q6: Громова Мария Ильинична | R6: Петров Илья Михайлович | S6: 2023-09-04 | T6: 26479 | U6: 7 | V6: =YEAR(S6) -> 2023 | W6: =MONTH(S6) -> 9 | X6: =V6&"-"&W6 -> 2023-9
A7: Орлов Павел Денисович | B7: =COUNTIFS($Q:$Q,$A7,$X:$X,B$1) -> 7 | C7: =COUNTIFS($Q:$Q,$A7,$X:$X,C$1) -> 10 | D7: =COUNTIFS($Q:$Q,$A7,$X:$X,D$1) -> 8 | E7: =COUNTIFS($Q:$Q,$A7,$X:$X,E$1) -> 9 | F7: =COUNTIFS($Q:$Q,$A7,$X:$X,F$1) -> 7 | G7: =COUNTIFS($Q:$Q,$A7,$X:$X,G$1) -> 4 | H7: =COUNTIFS($Q:$Q,$A7,$X:$X,H$1) -> 3 | I7: =COUNTIFS($Q:$Q,$A7,$X:$X,I$1) -> 7 | ... N7: =COUNTIFS($Q:$Q,$A7,$X:$X,N$1) -> 0 | Q7: Яковлев Артем Игоревич | R7: Кузнецова Полина Романовна | S7: 2023-09-04 | T7: 65924 | U7: 8 | V7: =YEAR(S7) -> 2023 | W7: =MONTH(S7) -> 9 | X7: =V7&"-"&W7 -> 2023-9
A8: Петров Владимир Кириллович | B8: =COUNTIFS($Q:$Q,$A8,$X:$X,B$1) -> 6 | C8: =COUNTIFS($Q:$Q,$A8,$X:$X,C$1) -> 5 | D8: =COUNTIFS($Q:$Q,$A8,$X:$X,D$1) -> 10 | E8: =COUNTIFS($Q:$Q,$A8,$X:$X,E$1) -> 7 | F8: =COUNTIFS($Q:$Q,$A8,$X:$X,F$1) -> 10 | G8: =COUNTIFS($Q:$Q,$A8,$X:$X,G$1) -> 10 | H8: =COUNTIFS($Q:$Q,$A8,$X:$X,H$1) -> 3 | I8: =COUNTIFS($Q:$Q,$A8,$X:$X,I$1) -> 9 | ... N8: =COUNTIFS($Q:$Q,$A8,$X:$X,N$1) -> 0 | Q8: Сидорова Елена Васильевна | R8: Лебедева Полина Ивановна | S8: 2023-09-04 | T8: 84442 | U8: 5 | V8: =YEAR(S8) -> 2023 | W8: =MONTH(S8) -> 9 | X8: =V8&"-"&W8 -> 2023-9
A9: Семенова Ирина Валерьевна | B9: =COUNTIFS($Q:$Q,$A9,$X:$X,B$1) -> 6 | C9: =COUNTIFS($Q:$Q,$A9,$X:$X,C$1) -> 5 | D9: =COUNTIFS($Q:$Q,$A9,$X:$X,D$1) -> 6 | E9: =COUNTIFS($Q:$Q,$A9,$X:$X,E$1) -> 5 | F9: =COUNTIFS($Q:$Q,$A9,$X:$X,F$1) -> 8 | G9: =COUNTIFS($Q:$Q,$A9,$X:$X,G$1) -> 8 | H9: =COUNTIFS($Q:$Q,$A9,$X:$X,H$1) -> 1 | I9: =COUNTIFS($Q:$Q,$A9,$X:$X,I$1) -> 5 | ... N9: =COUNTIFS($Q:$Q,$A9,$X:$X,N$1) -> 1 | Q9: Яковлев Артем Игоревич | R9: Кузнецов Никита Андреевич | S9: 2023-09-04 | T9: 36848 | U9: 6 | V9: =YEAR(S9) -> 2023 | W9: =MONTH(S9) -> 9 | X9: =V9&"-"&W9 -> 2023-9
A10: Сидорова Елена Васильевна | B10: =COUNTIFS($Q:$Q,$A10,$X:$X,B$1) -> 11 | C10: =COUNTIFS($Q:$Q,$A10,$X:$X,C$1) -> 7 | D10: =COUNTIFS($Q:$Q,$A10,$X:$X,D$1) -> 6 | E10: =COUNTIFS($Q:$Q,$A10,$X:$X,E$1) -> 1 | F10: =COUNTIFS($Q:$Q,$A10,$X:$X,F$1) -> 11 | G10: =COUNTIFS($Q:$Q,$A10,$X:$X,G$1) -> 7 | H10: =COUNTIFS($Q:$Q,$A10,$X:$X,H$1) -> 7 | I10: =COUNTIFS($Q:$Q,$A10,$X:$X,I$1) -> 6 | ... N10: =COUNTIFS($Q:$Q,$A10,$X:$X,N$1) -> 0 | Q10: Белов Алексей Константинович | R10: Кузнецова Мария Юрьевна | S10: 2023-09-04 | T10: 27991 | U10: 7 | V10: =YEAR(S10) -> 2023 | W10: =MONTH(S10) -> 9 | X10: =V10&"-"&W10 -> 2023-9
A11: Ткаченко Андрей Олегович | B11: =COUNTIFS($Q:$Q,$A11,$X:$X,B$1) -> 4 | C11: =COUNTIFS($Q:$Q,$A11,$X:$X,C$1) -> 11 | D11: =COUNTIFS($Q:$Q,$A11,$X:$X,D$1) -> 9 | E11: =COUNTIFS($Q:$Q,$A11,$X:$X,E$1) -> 5 | F11: =COUNTIFS($Q:$Q,$A11,$X:$X,F$1) -> 6 | G11: =COUNTIFS($Q:$Q,$A11,$X:$X,G$1) -> 2 | H11: =COUNTIFS($Q:$Q,$A11,$X:$X,H$1) -> 3 | I11: =COUNTIFS($Q:$Q,$A11,$X:$X,I$1) -> 7 | ... N11: =COUNTIFS($Q:$Q,$A11,$X:$X,N$1) -> 1 | Q11: Громова Мария Ильинична | R11: Петрова Вероника Александровна | S11: 2023-09-04 | T11: 21080 | U11: 9 | V11: =YEAR(S11) -> 2023 | W11: =MONTH(S11) -> 9 | X11: =V11&"-"&W11 -> 2023-9
A12: Фролов Сергей Викторович | B12: =COUNTIFS($Q:$Q,$A12,$X:$X,B$1) -> 8 | C12: =COUNTIFS($Q:$Q,$A12,$X:$X,C$1) -> 9 | D12: =COUNTIFS($Q:$Q,$A12,$X:$X,D$1) -> 6 | E12: =COUNTIFS($Q:$Q,$A12,$X:$X,E$1) -> 3 | F12: =COUNTIFS($Q:$Q,$A12,$X:$X,F$1) -> 5 | G12: =COUNTIFS($Q:$Q,$A12,$X:$X,G$1) -> 9 | H12: =COUNTIFS($Q:$Q,$A12,$X:$X,H$1) -> 11 | I12: =COUNTIFS($Q:$Q,$A12,$X:$X,I$1) -> 5 | ... N12: =COUNTIFS($Q:$Q,$A12,$X:$X,N$1) -> 0 | Q12: Яковлев Артем Игоревич | R12: Васильев Матвей Романович | S12: 2023-09-04 | T12: 13650 | U12: 4 | V12: =YEAR(S12) -> 2023 | W12: =MONTH(S12) -> 9 | X12: =V12&"-"&W12 -> 2023-9
A13: Яковлев Артем Игоревич | B13: =COUNTIFS($Q:$Q,$A13,$X:$X,B$1) -> 13 | C13: =COUNTIFS($Q:$Q,$A13,$X:$X,C$1) -> 7 | D13: =COUNTIFS($Q:$Q,$A13,$X:$X,D$1) -> 5 | E13: =COUNTIFS($Q:$Q,$A13,$X:$X,E$1) -> 12 | F13: =COUNTIFS($Q:$Q,$A13,$X:$X,F$1) -> 10 | G13: =COUNTIFS($Q:$Q,$A13,$X:$X,G$1) -> 4 | H13: =COUNTIFS($Q:$Q,$A13,$X:$X,H$1) -> 8 | I13: =COUNTIFS($Q:$Q,$A13,$X:$X,I$1) -> 10 | ... N13: =COUNTIFS($Q:$Q,$A13,$X:$X,N$1) -> 0 | Q13: Сидорова Елена Васильевна | R13: Егоров Артем Никитич | S13: 2023-09-05 | T13: 36816 | U13: 2 | V13: =YEAR(S13) -> 2023 | W13: =MONTH(S13) -> 9 | X13: =V13&"-"&W13 -> 2023-9
Q14: Сидорова Елена Васильевна | R14: Орлова София Станиславовна | S14: 2023-09-05 | T14: 17474 | U14: 2 | V14: =YEAR(S14) -> 2023 | W14: =MONTH(S14) -> 9 | X14: =V14&"-"&W14 -> 2023-9
Q15: Иванова Анна Сергеевна | R15: Орлова Ирина Ильинична | S15: 2023-09-05 | T15: 30692 | U15: 5 | V15: =YEAR(S15) -> 2023 | W15: =MONTH(S15) -> 9 | X15: =V15&"-"&W15 -> 2023-9
Q16: Семенова Ирина Валерьевна | R16: Орлов Георгий Кириллович | S16: 2023-09-06 | T16: 44283 | U16: 6 | V16: =YEAR(S16) -> 2023 | W16: =MONTH(S16) -> 9 | X16: =V16&"-"&W16 -> 2023-9
B17: 2023-9 | C17: 2023-10 | D17: 2023-11 | E17: 2023-12 | F17: 2024-1 | G17: 2024-2 | H17: 2024-3 | I17: 2024-4 | J17: 2024-5 | K17: 2024-6 | L17: 2024-7 | M17: 2024-8 | N17: 2024-9 | Q17: Семенова Ирина Валерьевна | R17: Петрова Валерия Павловна | S17: 2023-09-07 | T17: 54765 | U17: 8 | V17: =YEAR(S17) -> 2023 | W17: =MONTH(S17) -> 9 | X17: =V17&"-"&W17 -> 2023-9
A18: Белов Алексей Константинович | B18: =IFERROR((COUNTIFS($Q:$Q,$A18,$X:$X,B$17,$U:$U,">=9") - COUNTIFS($Q:$Q,$A18,$X:$X,B$17,$U:$U,"<=6"))/COUNTIFS($Q:$Q,$A18,$X:$X,B$17,$U:$U,">=0"),"") -> -0.14285714 | C18: =IFERROR((COUNTIFS($Q:$Q,$A18,$X:$X,C$17,$U:$U,">=9") - COUNTIFS($Q:$Q,$A18,$X:$X,C$17,$U:$U,"<=6"))/COUNTIFS($Q:$Q,$A18,$X:$X,C$17,$U:$U,">=0"),"") -> 0 | D18: =IFERROR((COUNTIFS($Q:$Q,$A18,$X:$X,D$17,$U:$U,">=9") - COUNTIFS($Q:$Q,$A18,$X:$X,D$17,$U:$U,"<=6"))/COUNTIFS($Q:$Q,$A18,$X:$X,D$17,$U:$U,">=0"),"") -> -0.25 | E18: =IFERROR((COUNTIFS($Q:$Q,$A18,$X:$X,E$17,$U:$U,">=9") - COUNTIFS($Q:$Q,$A18,$X:$X,E$17,$U:$U,"<=6"))/COUNTIFS($Q:$Q,$A18,$X:$X,E$17,$U:$U,">=0"),"") -> -0.6 | F18: =IFERROR((COUNTIFS($Q:$Q,$A18,$X:$X,F$17,$U:$U,">=9") - COUNTIFS($Q:$Q,$A18,$X:$X,F$17,$U:$U,"<=6"))/COUNTIFS($Q:$Q,$A18,$X:$X,F$17,$U:$U,">=0"),"") -> -0.18181818 | G18: =IFERROR((COUNTIFS($Q:$Q,$A18,$X:$X,G$17,$U:$U,">=9") - COUNTIFS($Q:$Q,$A18,$X:$X,G$17,$U:$U,"<=6"))/COUNTIFS($Q:$Q,$A18,$X:$X,G$17,$U:$U,">=0"),"") -> -0.25 | H18: =IFERROR((COUNTIFS($Q:$Q,$A18,$X:$X,H$17,$U:$U,">=9") - COUNTIFS($Q:$Q,$A18,$X:$X,H$17,$U:$U,"<=6"))/COUNTIFS($Q:$Q,$A18,$X:$X,H$17,$U:$U,">=0"),"") -> 1 | I18: =IFERROR((COUNTIFS($Q:$Q,$A18,$X:$X,I$17,$U:$U,">=9") - COUNTIFS($Q:$Q,$A18,$X:$X,I$17,$U:$U,"<=6"))/COUNTIFS($Q:$Q,$A18,$X:$X,I$17,$U:$U,">=0"),"") -> -0.66666667 | ... N18: =IFERROR((COUNTIFS($Q:$Q,$A18,$X:$X,N$17,$U:$U,">=9") - COUNTIFS($Q:$Q,$A18,$X:$X,N$17,$U:$U,"<=6"))/COUNTIFS($Q:$Q,$A18,$X:$X,N$17,$U:$U,">=0"),"") | Q18: Иванова Анна Сергеевна | R18: Федоров Илья Владимирович | S18: 2023-09-07 | T18: 74884 | U18: 1 | V18: =YEAR(S18) -> 2023 | W18: =MONTH(S18) -> 9 | X18: =V18&"-"&W18 -> 2023-9
A19: Громова Мария Ильинична | B19: =IFERROR((COUNTIFS($Q:$Q,$A19,$X:$X,B$17,$U:$U,">=9") - COUNTIFS($Q:$Q,$A19,$X:$X,B$17,$U:$U,"<=6"))/COUNTIFS($Q:$Q,$A19,$X:$X,B$17,$U:$U,">=0"),"") -> -0.28571429 | C19: =IFERROR((COUNTIFS($Q:$Q,$A19,$X:$X,C$17,$U:$U,">=9") - COUNTIFS($Q:$Q,$A19,$X:$X,C$17,$U:$U,"<=6"))/COUNTIFS($Q:$Q,$A19,$X:$X,C$17,$U:$U,">=0"),"") -> -0.5 | D19: =IFERROR((COUNTIFS($Q:$Q,$A19,$X:$X,D$17,$U:$U,">=9") - COUNTIFS($Q:$Q,$A19,$X:$X,D$17,$U:$U,"<=6"))/COUNTIFS($Q:$Q,$A19,$X:$X,D$17,$U:$U,">=0"),"") -> -0.6 | E19: =IFERROR((COUNTIFS($Q:$Q,$A19,$X:$X,E$17,$U:$U,">=9") - COUNTIFS($Q:$Q,$A19,$X:$X,E$17,$U:$U,"<=6"))/COUNTIFS($Q:$Q,$A19,$X:$X,E$17,$U:$U,">=0"),"") -> -0.33333333 | F19: =IFERROR((COUNTIFS($Q:$Q,$A19,$X:$X,F$17,$U:$U,">=9") - COUNTIFS($Q:$Q,$A19,$X:$X,F$17,$U:$U,"<=6"))/COUNTIFS($Q:$Q,$A19,$X:$X,F$17,$U:$U,">=0"),"") -> -0.35714286 | G19: =IFERROR((COUNTIFS($Q:$Q,$A19,$X:$X,G$17,$U:$U,">=9") - COUNTIFS($Q:$Q,$A19,$X:$X,G$17,$U:$U,"<=6"))/COUNTIFS($Q:$Q,$A19,$X:$X,G$17,$U:$U,">=0"),"") -> 0.4 | H19: =IFERROR((COUNTIFS($Q:$Q,$A19,$X:$X,H$17,$U:$U,">=9") - COUNTIFS($Q:$Q,$A19,$X:$X,H$17,$U:$U,"<=6"))/COUNTIFS($Q:$Q,$A19,$X:$X,H$17,$U:$U,">=0"),"") -> -0.375 | I19: =IFERROR((COUNTIFS($Q:$Q,$A19,$X:$X,I$17,$U:$U,">=9") - COUNTIFS($Q:$Q,$A19,$X:$X,I$17,$U:$U,"<=6"))/COUNTIFS($Q:$Q,$A19,$X:$X,I$17,$U:$U,">=0"),"") -> -0.875 | ... N19: =IFERROR((COUNTIFS($Q:$Q,$A19,$X:$X,N$17,$U:$U,">=9") - COUNTIFS($Q:$Q,$A19,$X:$X,N$17,$U:$U,"<=6"))/COUNTIFS($Q:$Q,$A19,$X:$X,N$17,$U:$U,">=0"),"") | Q19: Громова Мария Ильинична | R19: Федоров Илья Владимирович | S19: 2023-09-07 | T19: 91344 | U19: 4 | V19: =YEAR(S19) -> 2023 | W19: =MONTH(S19) -> 9 | X19: =V19&"-"&W19 -> 2023-9
A20: Иванова Анна Сергеевна | B20: =IFERROR((COUNTIFS($Q:$Q,$A20,$X:$X,B$17,$U:$U,">=9") - COUNTIFS($Q:$Q,$A20,$X:$X,B$17,$U:$U,"<=6"))/COUNTIFS($Q:$Q,$A20,$X:$X,B$17,$U:$U,">=0"),"") -> -0.2 | C20: =IFERROR((COUNTIFS($Q:$Q,$A20,$X:$X,C$17,$U:$U,">=9") - COUNTIFS($Q:$Q,$A20,$X:$X,C$17,$U:$U,"<=6"))/COUNTIFS($Q:$Q,$A20,$X:$X,C$17,$U:$U,">=0"),"") -> 0 | D20: =IFERROR((COUNTIFS($Q:$Q,$A20,$X:$X,D$17,$U:$U,">=9") - COUNTIFS($Q:$Q,$A20,$X:$X,D$17,$U:$U,"<=6"))/COUNTIFS($Q:$Q,$A20,$X:$X,D$17,$U:$U,">=0"),"") -> -0.33333333 | E20: =IFERROR((COUNTIFS($Q:$Q,$A20,$X:$X,E$17,$U:$U,">=9") - COUNTIFS($Q:$Q,$A20,$X:$X,E$17,$U:$U,"<=6"))/COUNTIFS($Q:$Q,$A20,$X:$X,E$17,$U:$U,">=0"),"") -> -0.66666667 | F20: =IFERROR((COUNTIFS($Q:$Q,$A20,$X:$X,F$17,$U:$U,">=9") - COUNTIFS($Q:$Q,$A20,$X:$X,F$17,$U:$U,"<=6"))/COUNTIFS($Q:$Q,$A20,$X:$X,F$17,$U:$U,">=0"),"") -> 0.25 | G20: =IFERROR((COUNTIFS($Q:$Q,$A20,$X:$X,G$17,$U:$U,">=9") - COUNTIFS($Q:$Q,$A20,$X:$X,G$17,$U:$U,"<=6"))/COUNTIFS($Q:$Q,$A20,$X:$X,G$17,$U:$U,">=0"),"") -> -0.33333333 | H20: =IFERROR((COUNTIFS($Q:$Q,$A20,$X:$X,H$17,$U:$U,">=9") - COUNTIFS($Q:$Q,$A20,$X:$X,H$17,$U:$U,"<=6"))/COUNTIFS($Q:$Q,$A20,$X:$X,H$17,$U:$U,">=0"),"") -> 0 | I20: =IFERROR((COUNTIFS($Q:$Q,$A20,$X:$X,I$17,$U:$U,">=9") - COUNTIFS($Q:$Q,$A20,$X:$X,I$17,$U:$U,"<=6"))/COUNTIFS($Q:$Q,$A20,$X:$X,I$17,$U:$U,">=0"),"") -> -0.42857143 | ... N20: =IFERROR((COUNTIFS($Q:$Q,$A20,$X:$X,N$17,$U:$U,">=9") - COUNTIFS($Q:$Q,$A20,$X:$X,N$17,$U:$U,"<=6"))/COUNTIFS($Q:$Q,$A20,$X:$X,N$17,$U:$U,">=0"),"") -> 0 | Q20: Ткаченко Андрей Олегович | R20: Степанова Полина Артемовна | S20: 2023-09-07 | T20: 25225 | U20: 7 | V20: =YEAR(S20) -> 2023 | W20: =MONTH(S20) -> 9 | X20: =V20&"-"&W20 -> 2023-9
A21: Кузнецов Дмитрий Львович | B21: =IFERROR((COUNTIFS($Q:$Q,$A21,$X:$X,B$17,$U:$U,">=9") - COUNTIFS($Q:$Q,$A21,$X:$X,B$17,$U:$U,"<=6"))/COUNTIFS($Q:$Q,$A21,$X:$X,B$17,$U:$U,">=0"),"") -> -0.6 | C21: =IFERROR((COUNTIFS($Q:$Q,$A21,$X:$X,C$17,$U:$U,">=9") - COUNTIFS($Q:$Q,$A21,$X:$X,C$17,$U:$U,"<=6"))/COUNTIFS($Q:$Q,$A21,$X:$X,C$17,$U:$U,">=0"),"") -> -0.71428571 | D21: =IFERROR((COUNTIFS($Q:$Q,$A21,$X:$X,D$17,$U:$U,">=9") - COUNTIFS($Q:$Q,$A21,$X:$X,D$17,$U:$U,"<=6"))/COUNTIFS($Q:$Q,$A21,$X:$X,D$17,$U:$U,">=0"),"") -> -0.83333333 | E21: =IFERROR((COUNTIFS($Q:$Q,$A21,$X:$X,E$17,$U:$U,">=9") - COUNTIFS($Q:$Q,$A21,$X:$X,E$17,$U:$U,"<=6"))/COUNTIFS($Q:$Q,$A21,$X:$X,E$17,$U:$U,">=0"),"") -> -0.33333333 | F21: =IFERROR((COUNTIFS($Q:$Q,$A21,$X:$X,F$17,$U:$U,">=9") - COUNTIFS($Q:$Q,$A21,$X:$X,F$17,$U:$U,"<=6"))/COUNTIFS($Q:$Q,$A21,$X:$X,F$17,$U:$U,">=0"),"") -> -0.6 | G21: =IFERROR((COUNTIFS($Q:$Q,$A21,$X:$X,G$17,$U:$U,">=9") - COUNTIFS($Q:$Q,$A21,$X:$X,G$17,$U:$U,"<=6"))/COUNTIFS($Q:$Q,$A21,$X:$X,G$17,$U:$U,">=0"),"") -> -0.5 | H21: =IFERROR((COUNTIFS($Q:$Q,$A21,$X:$X,H$17,$U:$U,">=9") - COUNTIFS($Q:$Q,$A21,$X:$X,H$17,$U:$U,"<=6"))/COUNTIFS($Q:$Q,$A21,$X:$X,H$17,$U:$U,">=0"),"") -> 0 | I21: =IFERROR((COUNTIFS($Q:$Q,$A21,$X:$X,I$17,$U:$U,">=9") - COUNTIFS($Q:$Q,$A21,$X:$X,I$17,$U:$U,"<=6"))/COUNTIFS($Q:$Q,$A21,$X:$X,I$17,$U:$U,">=0"),"") -> -0.14285714 | ... N21: =IFERROR((COUNTIFS($Q:$Q,$A21,$X:$X,N$17,$U:$U,">=9") - COUNTIFS($Q:$Q,$A21,$X:$X,N$17,$U:$U,"<=6"))/COUNTIFS($Q:$Q,$A21,$X:$X,N$17,$U:$U,">=0"),"") | Q21: Громова Мария Ильинична | R21: Новиков Михаил Владимирович | S21: 2023-09-07 | T21: 46372 | U21: 7 | V21: =YEAR(S21) -> 2023 | W21: =MONTH(S21) -> 9 | X21: =V21&"-"&W21 -> 2023-9
A22: Новикова Ольга Петровна | B22: =IFERROR((COUNTIFS($Q:$Q,$A22,$X:$X,B$17,$U:$U,">=9") - COUNTIFS($Q:$Q,$A22,$X:$X,B$17,$U:$U,"<=6"))/COUNTIFS($Q:$Q,$A22,$X:$X,B$17,$U:$U,">=0"),"") -> -0.44444444 | C22: =IFERROR((COUNTIFS($Q:$Q,$A22,$X:$X,C$17,$U:$U,">=9") - COUNTIFS($Q:$Q,$A22,$X:$X,C$17,$U:$U,"<=6"))/COUNTIFS($Q:$Q,$A22,$X:$X,C$17,$U:$U,">=0"),"") -> -0.30769231 | D22: =IFERROR((COUNTIFS($Q:$Q,$A22,$X:$X,D$17,$U:$U,">=9") - COUNTIFS($Q:$Q,$A22,$X:$X,D$17,$U:$U,"<=6"))/COUNTIFS($Q:$Q,$A22,$X:$X,D$17,$U:$U,">=0"),"") -> -0.5 | E22: =IFERROR((COUNTIFS($Q:$Q,$A22,$X:$X,E$17,$U:$U,">=9") - COUNTIFS($Q:$Q,$A22,$X:$X,E$17,$U:$U,"<=6"))/COUNTIFS($Q:$Q,$A22,$X:$X,E$17,$U:$U,">=0"),"") -> -0.66666667 | F22: =IFERROR((COUNTIFS($Q:$Q,$A22,$X:$X,F$17,$U:$U,">=9") - COUNTIFS($Q:$Q,$A22,$X:$X,F$17,$U:$U,"<=6"))/COUNTIFS($Q:$Q,$A22,$X:$X,F$17,$U:$U,">=0"),"") -> 0 | G22: =IFERROR((COUNTIFS($Q:$Q,$A22,$X:$X,G$17,$U:$U,">=9") - COUNTIFS($Q:$Q,$A22,$X:$X,G$17,$U:$U,"<=6"))/COUNTIFS($Q:$Q,$A22,$X:$X,G$17,$U:$U,">=0"),"") -> -0.33333333 | H22: =IFERROR((COUNTIFS($Q:$Q,$A22,$X:$X,H$17,$U:$U,">=9") - COUNTIFS($Q:$Q,$A22,$X:$X,H$17,$U:$U,"<=6"))/COUNTIFS($Q:$Q,$A22,$X:$X,H$17,$U:$U,">=0"),"") -> 0.33333333 | I22: =IFERROR((COUNTIFS($Q:$Q,$A22,$X:$X,I$17,$U:$U,">=9") - COUNTIFS($Q:$Q,$A22,$X:$X,I$17,$U:$U,"<=6"))/COUNTIFS($Q:$Q,$A22,$X:$X,I$17,$U:$U,">=0"),"") -> -1 | ... N22: =IFERROR((COUNTIFS($Q:$Q,$A22,$X:$X,N$17,$U:$U,">=9") - COUNTIFS($Q:$Q,$A22,$X:$X,N$17,$U:$U,"<=6"))/COUNTIFS($Q:$Q,$A22,$X:$X,N$17,$U:$U,">=0"),"") | Q22: Громова Мария Ильинична | R22: Иванов Александр Павлович | S22: 2023-09-08 | T22: 11951 | U22: 3 | V22: =YEAR(S22) -> 2023 | W22: =MONTH(S22) -> 9 | X22: =V22&"-"&W22 -> 2023-9
A23: Орлов Павел Денисович | B23: =IFERROR((COUNTIFS($Q:$Q,$A23,$X:$X,B$17,$U:$U,">=9") - COUNTIFS($Q:$Q,$A23,$X:$X,B$17,$U:$U,"<=6"))/COUNTIFS($Q:$Q,$A23,$X:$X,B$17,$U:$U,">=0"),"") -> -0.42857143 | C23: =IFERROR((COUNTIFS($Q:$Q,$A23,$X:$X,C$17,$U:$U,">=9") - COUNTIFS($Q:$Q,$A23,$X:$X,C$17,$U:$U,"<=6"))/COUNTIFS($Q:$Q,$A23,$X:$X,C$17,$U:$U,">=0"),"") -> -0.3 | D23: =IFERROR((COUNTIFS($Q:$Q,$A23,$X:$X,D$17,$U:$U,">=9") - COUNTIFS($Q:$Q,$A23,$X:$X,D$17,$U:$U,"<=6"))/COUNTIFS($Q:$Q,$A23,$X:$X,D$17,$U:$U,">=0"),"") -> -0.375 | E23: =IFERROR((COUNTIFS($Q:$Q,$A23,$X:$X,E$17,$U:$U,">=9") - COUNTIFS($Q:$Q,$A23,$X:$X,E$17,$U:$U,"<=6"))/COUNTIFS($Q:$Q,$A23,$X:$X,E$17,$U:$U,">=0"),"") -> -0.77777778 | F23: =IFERROR((COUNTIFS($Q:$Q,$A23,$X:$X,F$17,$U:$U,">=9") - COUNTIFS($Q:$Q,$A23,$X:$X,F$17,$U:$U,"<=6"))/COUNTIFS($Q:$Q,$A23,$X:$X,F$17,$U:$U,">=0"),"") -> -0.28571429 | G23: =IFERROR((COUNTIFS($Q:$Q,$A23,$X:$X,G$17,$U:$U,">=9") - COUNTIFS($Q:$Q,$A23,$X:$X,G$17,$U:$U,"<=6"))/COUNTIFS($Q:$Q,$A23,$X:$X,G$17,$U:$U,">=0"),"") -> 0 | H23: =IFERROR((COUNTIFS($Q:$Q,$A23,$X:$X,H$17,$U:$U,">=9") - COUNTIFS($Q:$Q,$A23,$X:$X,H$17,$U:$U,"<=6"))/COUNTIFS($Q:$Q,$A23,$X:$X,H$17,$U:$U,">=0"),"") -> -1 | I23: =IFERROR((COUNTIFS($Q:$Q,$A23,$X:$X,I$17,$U:$U,">=9") - COUNTIFS($Q:$Q,$A23,$X:$X,I$17,$U:$U,"<=6"))/COUNTIFS($Q:$Q,$A23,$X:$X,I$17,$U:$U,">=0"),"") -> 0.14285714 | ... N23: =IFERROR((COUNTIFS($Q:$Q,$A23,$X:$X,N$17,$U:$U,">=9") - COUNTIFS($Q:$Q,$A23,$X:$X,N$17,$U:$U,"<=6"))/COUNTIFS($Q:$Q,$A23,$X:$X,N$17,$U:$U,">=0"),"") | Q23: Кузнецов Дмитрий Львович | R23: Петров Иван Артемович | S23: 2023-09-08 | T23: 52185 | U23: 4 | V23: =YEAR(S23) -> 2023 | W23: =MONTH(S23) -> 9 | X23: =V23&"-"&W23 -> 2023-9
A24: Петров Владимир Кириллович | B24: =IFERROR((COUNTIFS($Q:$Q,$A24,$X:$X,B$17,$U:$U,">=9") - COUNTIFS($Q:$Q,$A24,$X:$X,B$17,$U:$U,"<=6"))/COUNTIFS($Q:$Q,$A24,$X:$X,B$17,$U:$U,">=0"),"") -> 0 | C24: =IFERROR((COUNTIFS($Q:$Q,$A24,$X:$X,C$17,$U:$U,">=9") - COUNTIFS($Q:$Q,$A24,$X:$X,C$17,$U:$U,"<=6"))/COUNTIFS($Q:$Q,$A24,$X:$X,C$17,$U:$U,">=0"),"") -> -0.6 | D24: =IFERROR((COUNTIFS($Q:$Q,$A24,$X:$X,D$17,$U:$U,">=9") - COUNTIFS($Q:$Q,$A24,$X:$X,D$17,$U:$U,"<=6"))/COUNTIFS($Q:$Q,$A24,$X:$X,D$17,$U:$U,">=0"),"") -> -0.2 | E24: =IFERROR((COUNTIFS($Q:$Q,$A24,$X:$X,E$17,$U:$U,">=9") - COUNTIFS($Q:$Q,$A24,$X:$X,E$17,$U:$U,"<=6"))/COUNTIFS($Q:$Q,$A24,$X:$X,E$17,$U:$U,">=0"),"") -> -0.42857143 | F24: =IFERROR((COUNTIFS($Q:$Q,$A24,$X:$X,F$17,$U:$U,">=9") - COUNTIFS($Q:$Q,$A24,$X:$X,F$17,$U:$U,"<=6"))/COUNTIFS($Q:$Q,$A24,$X:$X,F$17,$U:$U,">=0"),"") -> -0.5 | G24: =IFERROR((COUNTIFS($Q:$Q,$A24,$X:$X,G$17,$U:$U,">=9") - COUNTIFS($Q:$Q,$A24,$X:$X,G$17,$U:$U,"<=6"))/COUNTIFS($Q:$Q,$A24,$X:$X,G$17,$U:$U,">=0"),"") -> -0.4 | H24: =IFERROR((COUNTIFS($Q:$Q,$A24,$X:$X,H$17,$U:$U,">=9") - COUNTIFS($Q:$Q,$A24,$X:$X,H$17,$U:$U,"<=6"))/COUNTIFS($Q:$Q,$A24,$X:$X,H$17,$U:$U,">=0"),"") -> 0 | I24: =IFERROR((COUNTIFS($Q:$Q,$A24,$X:$X,I$17,$U:$U,">=9") - COUNTIFS($Q:$Q,$A24,$X:$X,I$17,$U:$U,"<=6"))/COUNTIFS($Q:$Q,$A24,$X:$X,I$17,$U:$U,">=0"),"") -> -0.33333333 | ... N24: =IFERROR((COUNTIFS($Q:$Q,$A24,$X:$X,N$17,$U:$U,">=9") - COUNTIFS($Q:$Q,$A24,$X:$X,N$17,$U:$U,"<=6"))/COUNTIFS($Q:$Q,$A24,$X:$X,N$17,$U:$U,">=0"),"") | Q24: Фролов Сергей Викторович | R24: Федоров Роман Дмитриевич | S24: 2023-09-08 | T24: 15458 | U24: 7 | V24: =YEAR(S24) -> 2023 | W24: =MONTH(S24) -> 9 | X24: =V24&"-"&W24 -> 2023-9
A25: Семенова Ирина Валерьевна | B25: =IFERROR((COUNTIFS($Q:$Q,$A25,$X:$X,B$17,$U:$U,">=9") - COUNTIFS($Q:$Q,$A25,$X:$X,B$17,$U:$U,"<=6"))/COUNTIFS($Q:$Q,$A25,$X:$X,B$17,$U:$U,">=0"),"") -> -0.5 | C25: =IFERROR((COUNTIFS($Q:$Q,$A25,$X:$X,C$17,$U:$U,">=9") - COUNTIFS($Q:$Q,$A25,$X:$X,C$17,$U:$U,"<=6"))/COUNTIFS($Q:$Q,$A25,$X:$X,C$17,$U:$U,">=0"),"") -> -0.6 | D25: =IFERROR((COUNTIFS($Q:$Q,$A25,$X:$X,D$17,$U:$U,">=9") - COUNTIFS($Q:$Q,$A25,$X:$X,D$17,$U:$U,"<=6"))/COUNTIFS($Q:$Q,$A25,$X:$X,D$17,$U:$U,">=0"),"") -> -0.33333333 | E25: =IFERROR((COUNTIFS($Q:$Q,$A25,$X:$X,E$17,$U:$U,">=9") - COUNTIFS($Q:$Q,$A25,$X:$X,E$17,$U:$U,"<=6"))/COUNTIFS($Q:$Q,$A25,$X:$X,E$17,$U:$U,">=0"),"") -> 0 | F25: =IFERROR((COUNTIFS($Q:$Q,$A25,$X:$X,F$17,$U:$U,">=9") - COUNTIFS($Q:$Q,$A25,$X:$X,F$17,$U:$U,"<=6"))/COUNTIFS($Q:$Q,$A25,$X:$X,F$17,$U:$U,">=0"),"") -> -0.625 | G25: =IFERROR((COUNTIFS($Q:$Q,$A25,$X:$X,G$17,$U:$U,">=9") - COUNTIFS($Q:$Q,$A25,$X:$X,G$17,$U:$U,"<=6"))/COUNTIFS($Q:$Q,$A25,$X:$X,G$17,$U:$U,">=0"),"") -> -0.5 | H25: =IFERROR((COUNTIFS($Q:$Q,$A25,$X:$X,H$17,$U:$U,">=9") - COUNTIFS($Q:$Q,$A25,$X:$X,H$17,$U:$U,"<=6"))/COUNTIFS($Q:$Q,$A25,$X:$X,H$17,$U:$U,">=0"),"") -> 0 | I25: =IFERROR((COUNTIFS($Q:$Q,$A25,$X:$X,I$17,$U:$U,">=9") - COUNTIFS($Q:$Q,$A25,$X:$X,I$17,$U:$U,"<=6"))/COUNTIFS($Q:$Q,$A25,$X:$X,I$17,$U:$U,">=0"),"") -> -0.6 | ... N25: =IFERROR((COUNTIFS($Q:$Q,$A25,$X:$X,N$17,$U:$U,">=9") - COUNTIFS($Q:$Q,$A25,$X:$X,N$17,$U:$U,"<=6"))/COUNTIFS($Q:$Q,$A25,$X:$X,N$17,$U:$U,">=0"),"") -> -1 | Q25: Кузнецов Дмитрий Львович | R25: Новикова Людмила Кирилловна | S25: 2023-09-08 | T25: 37625 | U25: 8 | V25: =YEAR(S25) -> 2023 | W25: =MONTH(S25) -> 9 | X25: =V25&"-"&W25 -> 2023-9
A26: Сидорова Елена Васильевна | B26: =IFERROR((COUNTIFS($Q:$Q,$A26,$X:$X,B$17,$U:$U,">=9") - COUNTIFS($Q:$Q,$A26,$X:$X,B$17,$U:$U,"<=6"))/COUNTIFS($Q:$Q,$A26,$X:$X,B$17,$U:$U,">=0"),"") -> -0.72727273 | C26: =IFERROR((COUNTIFS($Q:$Q,$A26,$X:$X,C$17,$U:$U,">=9") - COUNTIFS($Q:$Q,$A26,$X:$X,C$17,$U:$U,"<=6"))/COUNTIFS($Q:$Q,$A26,$X:$X,C$17,$U:$U,">=0"),"") -> -0.28571429 | D26: =IFERROR((COUNTIFS($Q:$Q,$A26,$X:$X,D$17,$U:$U,">=9") - COUNTIFS($Q:$Q,$A26,$X:$X,D$17,$U:$U,"<=6"))/COUNTIFS($Q:$Q,$A26,$X:$X,D$17,$U:$U,">=0"),"") -> -0.33333333 | E26: =IFERROR((COUNTIFS($Q:$Q,$A26,$X:$X,E$17,$U:$U,">=9") - COUNTIFS($Q:$Q,$A26,$X:$X,E$17,$U:$U,"<=6"))/COUNTIFS($Q:$Q,$A26,$X:$X,E$17,$U:$U,">=0"),"") -> -1 | F26: =IFERROR((COUNTIFS($Q:$Q,$A26,$X:$X,F$17,$U:$U,">=9") - COUNTIFS($Q:$Q,$A26,$X:$X,F$17,$U:$U,"<=6"))/COUNTIFS($Q:$Q,$A26,$X:$X,F$17,$U:$U,">=0"),"") -> -0.090909091 | G26: =IFERROR((COUNTIFS($Q:$Q,$A26,$X:$X,G$17,$U:$U,">=9") - COUNTIFS($Q:$Q,$A26,$X:$X,G$17,$U:$U,"<=6"))/COUNTIFS($Q:$Q,$A26,$X:$X,G$17,$U:$U,">=0"),"") -> 0 | H26: =IFERROR((COUNTIFS($Q:$Q,$A26,$X:$X,H$17,$U:$U,">=9") - COUNTIFS($Q:$Q,$A26,$X:$X,H$17,$U:$U,"<=6"))/COUNTIFS($Q:$Q,$A26,$X:$X,H$17,$U:$U,">=0"),"") -> -0.57142857 | I26: =IFERROR((COUNTIFS($Q:$Q,$A26,$X:$X,I$17,$U:$U,">=9") - COUNTIFS($Q:$Q,$A26,$X:$X,I$17,$U:$U,"<=6"))/COUNTIFS($Q:$Q,$A26,$X:$X,I$17,$U:$U,">=0"),"") -> -0.5 | ... N26: =IFERROR((COUNTIFS($Q:$Q,$A26,$X:$X,N$17,$U:$U,">=9") - COUNTIFS($Q:$Q,$A26,$X:$X,N$17,$U:$U,"<=6"))/COUNTIFS($Q:$Q,$A26,$X:$X,N$17,$U:$U,">=0"),"") | Q26: Фролов Сергей Викторович | R26: Кузнецова Дарья Дмитриевна | S26: 2023-09-11 | T26: 20131 | U26: 10 | V26: =YEAR(S26) -> 2023 | W26: =MONTH(S26) -> 9 | X26: =V26&"-"&W26 -> 2023-9
A27: Ткаченко Андрей Олегович | B27: =IFERROR((COUNTIFS($Q:$Q,$A27,$X:$X,B$17,$U:$U,">=9") - COUNTIFS($Q:$Q,$A27,$X:$X,B$17,$U:$U,"<=6"))/COUNTIFS($Q:$Q,$A27,$X:$X,B$17,$U:$U,">=0"),"") -> -0.75 | C27: =IFERROR((COUNTIFS($Q:$Q,$A27,$X:$X,C$17,$U:$U,">=9") - COUNTIFS($Q:$Q,$A27,$X:$X,C$17,$U:$U,"<=6"))/COUNTIFS($Q:$Q,$A27,$X:$X,C$17,$U:$U,">=0"),"") -> -0.090909091 | D27: =IFERROR((COUNTIFS($Q:$Q,$A27,$X:$X,D$17,$U:$U,">=9") - COUNTIFS($Q:$Q,$A27,$X:$X,D$17,$U:$U,"<=6"))/COUNTIFS($Q:$Q,$A27,$X:$X,D$17,$U:$U,">=0"),"") -> -0.77777778 | E27: =IFERROR((COUNTIFS($Q:$Q,$A27,$X:$X,E$17,$U:$U,">=9") - COUNTIFS($Q:$Q,$A27,$X:$X,E$17,$U:$U,"<=6"))/COUNTIFS($Q:$Q,$A27,$X:$X,E$17,$U:$U,">=0"),"") -> -0.4 | F27: =IFERROR((COUNTIFS($Q:$Q,$A27,$X:$X,F$17,$U:$U,">=9") - COUNTIFS($Q:$Q,$A27,$X:$X,F$17,$U:$U,"<=6"))/COUNTIFS($Q:$Q,$A27,$X:$X,F$17,$U:$U,">=0"),"") -> -0.83333333 | G27: =IFERROR((COUNTIFS($Q:$Q,$A27,$X:$X,G$17,$U:$U,">=9") - COUNTIFS($Q:$Q,$A27,$X:$X,G$17,$U:$U,"<=6"))/COUNTIFS($Q:$Q,$A27,$X:$X,G$17,$U:$U,">=0"),"") -> -1 | H27: =IFERROR((COUNTIFS($Q:$Q,$A27,$X:$X,H$17,$U:$U,">=9") - COUNTIFS($Q:$Q,$A27,$X:$X,H$17,$U:$U,"<=6"))/COUNTIFS($Q:$Q,$A27,$X:$X,H$17,$U:$U,">=0"),"") -> -1 | I27: =IFERROR((COUNTIFS($Q:$Q,$A27,$X:$X,I$17,$U:$U,">=9") - COUNTIFS($Q:$Q,$A27,$X:$X,I$17,$U:$U,"<=6"))/COUNTIFS($Q:$Q,$A27,$X:$X,I$17,$U:$U,">=0"),"") -> -0.71428571 | ... N27: =IFERROR((COUNTIFS($Q:$Q,$A27,$X:$X,N$17,$U:$U,">=9") - COUNTIFS($Q:$Q,$A27,$X:$X,N$17,$U:$U,"<=6"))/COUNTIFS($Q:$Q,$A27,$X:$X,N$17,$U:$U,">=0"),"") -> 0 | Q27: Орлов Павел Денисович | R27: Морозов Сергей Олегович | S27: 2023-09-11 | T27: 15365 | U27: 5 | V27: =YEAR(S27) -> 2023 | W27: =MONTH(S27) -> 9 | X27: =V27&"-"&W27 -> 2023-9
A28: Фролов Сергей Викторович | B28: =IFERROR((COUNTIFS($Q:$Q,$A28,$X:$X,B$17,$U:$U,">=9") - COUNTIFS($Q:$Q,$A28,$X:$X,B$17,$U:$U,"<=6"))/COUNTIFS($Q:$Q,$A28,$X:$X,B$17,$U:$U,">=0"),"") -> 0.375 | C28: =IFERROR((COUNTIFS($Q:$Q,$A28,$X:$X,C$17,$U:$U,">=9") - COUNTIFS($Q:$Q,$A28,$X:$X,C$17,$U:$U,"<=6"))/COUNTIFS($Q:$Q,$A28,$X:$X,C$17,$U:$U,">=0"),"") -> -0.44444444 | D28: =IFERROR((COUNTIFS($Q:$Q,$A28,$X:$X,D$17,$U:$U,">=9") - COUNTIFS($Q:$Q,$A28,$X:$X,D$17,$U:$U,"<=6"))/COUNTIFS($Q:$Q,$A28,$X:$X,D$17,$U:$U,">=0"),"") -> -0.16666667 | E28: =IFERROR((COUNTIFS($Q:$Q,$A28,$X:$X,E$17,$U:$U,">=9") - COUNTIFS($Q:$Q,$A28,$X:$X,E$17,$U:$U,"<=6"))/COUNTIFS($Q:$Q,$A28,$X:$X,E$17,$U:$U,">=0"),"") -> -0.66666667 | F28: =IFERROR((COUNTIFS($Q:$Q,$A28,$X:$X,F$17,$U:$U,">=9") - COUNTIFS($Q:$Q,$A28,$X:$X,F$17,$U:$U,"<=6"))/COUNTIFS($Q:$Q,$A28,$X:$X,F$17,$U:$U,">=0"),"") -> -0.2 | G28: =IFERROR((COUNTIFS($Q:$Q,$A28,$X:$X,G$17,$U:$U,">=9") - COUNTIFS($Q:$Q,$A28,$X:$X,G$17,$U:$U,"<=6"))/COUNTIFS($Q:$Q,$A28,$X:$X,G$17,$U:$U,">=0"),"") -> -0.55555556 | H28: =IFERROR((COUNTIFS($Q:$Q,$A28,$X:$X,H$17,$U:$U,">=9") - COUNTIFS($Q:$Q,$A28,$X:$X,H$17,$U:$U,"<=6"))/COUNTIFS($Q:$Q,$A28,$X:$X,H$17,$U:$U,">=0"),"") -> -0.54545455 | I28: =IFERROR((COUNTIFS($Q:$Q,$A28,$X:$X,I$17,$U:$U,">=9") - COUNTIFS($Q:$Q,$A28,$X:$X,I$17,$U:$U,"<=6"))/COUNTIFS($Q:$Q,$A28,$X:$X,I$17,$U:$U,">=0"),"") -> -0.2 | ... N28: =IFERROR((COUNTIFS($Q:$Q,$A28,$X:$X,N$17,$U:$U,">=9") - COUNTIFS($Q:$Q,$A28,$X:$X,N$17,$U:$U,"<=6"))/COUNTIFS($Q:$Q,$A28,$X:$X,N$17,$U:$U,">=0"),"") | Q28: Новикова Ольга Петровна | R28: Лебедева Анна Викторовна | S28: 2023-09-11 | T28: 65716 | U28: 6 | V28: =YEAR(S28) -> 2023 | W28: =MONTH(S28) -> 9 | X28: =V28&"-"&W28 -> 2023-9
A29: Яковлев Артем Игоревич | B29: =IFERROR((COUNTIFS($Q:$Q,$A29,$X:$X,B$17,$U:$U,">=9") - COUNTIFS($Q:$Q,$A29,$X:$X,B$17,$U:$U,"<=6"))/COUNTIFS($Q:$Q,$A29,$X:$X,B$17,$U:$U,">=0"),"") -> -0.46153846 | C29: =IFERROR((COUNTIFS($Q:$Q,$A29,$X:$X,C$17,$U:$U,">=9") - COUNTIFS($Q:$Q,$A29,$X:$X,C$17,$U:$U,"<=6"))/COUNTIFS($Q:$Q,$A29,$X:$X,C$17,$U:$U,">=0"),"") -> -0.42857143 | D29: =IFERROR((COUNTIFS($Q:$Q,$A29,$X:$X,D$17,$U:$U,">=9") - COUNTIFS($Q:$Q,$A29,$X:$X,D$17,$U:$U,"<=6"))/COUNTIFS($Q:$Q,$A29,$X:$X,D$17,$U:$U,">=0"),"") -> 0 | E29: =IFERROR((COUNTIFS($Q:$Q,$A29,$X:$X,E$17,$U:$U,">=9") - COUNTIFS($Q:$Q,$A29,$X:$X,E$17,$U:$U,"<=6"))/COUNTIFS($Q:$Q,$A29,$X:$X,E$17,$U:$U,">=0"),"") -> -0.5 | F29: =IFERROR((COUNTIFS($Q:$Q,$A29,$X:$X,F$17,$U:$U,">=9") - COUNTIFS($Q:$Q,$A29,$X:$X,F$17,$U:$U,"<=6"))/COUNTIFS($Q:$Q,$A29,$X:$X,F$17,$U:$U,">=0"),"") -> -0.5 | G29: =IFERROR((COUNTIFS($Q:$Q,$A29,$X:$X,G$17,$U:$U,">=9") - COUNTIFS($Q:$Q,$A29,$X:$X,G$17,$U:$U,"<=6"))/COUNTIFS($Q:$Q,$A29,$X:$X,G$17,$U:$U,">=0"),"") -> -1 | H29: =IFERROR((COUNTIFS($Q:$Q,$A29,$X:$X,H$17,$U:$U,">=9") - COUNTIFS($Q:$Q,$A29,$X:$X,H$17,$U:$U,"<=6"))/COUNTIFS($Q:$Q,$A29,$X:$X,H$17,$U:$U,">=0"),"") -> -0.125 | I29: =IFERROR((COUNTIFS($Q:$Q,$A29,$X:$X,I$17,$U:$U,">=9") - COUNTIFS($Q:$Q,$A29,$X:$X,I$17,$U:$U,"<=6"))/COUNTIFS($Q:$Q,$A29,$X:$X,I$17,$U:$U,">=0"),"") -> -0.6 | ... N29: =IFERROR((COUNTIFS($Q:$Q,$A29,$X:$X,N$17,$U:$U,">=9") - COUNTIFS($Q:$Q,$A29,$X:$X,N$17,$U:$U,"<=6"))/COUNTIFS($Q:$Q,$A29,$X:$X,N$17,$U:$U,">=0"),"") | Q29: Яковлев Артем Игоревич | R29: Лебедев Артем Кириллович | S29: 2023-09-11 | T29: 98163 | U29: 8 | V29: =YEAR(S29) -> 2023 | W29: =MONTH(S29) -> 9 | X29: =V29&"-"&W29 -> 2023-9
Q30: Фролов Сергей Викторович | R30: Петрова Валерия Павловна | S30: 2023-09-11 | T30: 11301 | U30: 9 | V30: =YEAR(S30) -> 2023 | W30: =MONTH(S30) -> 9 | X30: =V30&"-"&W30 -> 2023-9
Q31: Петров Владимир Кириллович | R31: Лебедев Илья Станиславович | S31: 2023-09-11 | T31: 16140 | U31: 1 | V31: =YEAR(S31) -> 2023 | W31: =MONTH(S31) -> 9 | X31: =V31&"-"&W31 -> 2023-9
B32: 2023-9 | C32: 2023-10 | D32: 2023-11 | E32: 2023-12 | F32: 2024-1 | G32: 2024-2 | H32: 2024-3 | I32: 2024-4 | J32: 2024-5 | K32: 2024-6 | L32: 2024-7 | M32: 2024-8 | N32: 2024-9 | Q32: Фролов Сергей Викторович | R32: Морозов Максим Андреевич | S32: 2023-09-11 | T32: 97934 | U32: 6 | V32: =YEAR(S32) -> 2023 | W32: =MONTH(S32) -> 9 | X32: =V32&"-"&W32 -> 2023-9
A33: Белов Алексей Константинович | B33: =IFERROR(AVERAGEIFS($T:$T,$Q:$Q,$A33,$X:$X,B$32),"") -> 44198.143 | C33: =IFERROR(AVERAGEIFS($T:$T,$Q:$Q,$A33,$X:$X,C$32),"") -> 64761.8 | D33: =IFERROR(AVERAGEIFS($T:$T,$Q:$Q,$A33,$X:$X,D$32),"") -> 55382 | E33: =IFERROR(AVERAGEIFS($T:$T,$Q:$Q,$A33,$X:$X,E$32),"") -> 55137.2 | F33: =IFERROR(AVERAGEIFS($T:$T,$Q:$Q,$A33,$X:$X,F$32),"") -> 54766.273 | G33: =IFERROR(AVERAGEIFS($T:$T,$Q:$Q,$A33,$X:$X,G$32),"") -> 48445.125 | H33: =IFERROR(AVERAGEIFS($T:$T,$Q:$Q,$A33,$X:$X,H$32),"") -> 89836 | I33: =IFERROR(AVERAGEIFS($T:$T,$Q:$Q,$A33,$X:$X,I$32),"") -> 50780.417 | ... N33: =IFERROR(AVERAGEIFS($T:$T,$Q:$Q,$A33,$X:$X,N$32),"") | Q33: Новикова Ольга Петровна | R33: Волкова Татьяна Кирилловна | S33: 2023-09-11 | T33: 40642 | U33: 3 | V33: =YEAR(S33) -> 2023 | W33: =MONTH(S33) -> 9 | X33: =V33&"-"&W33 -> 2023-9
A34: Громова Мария Ильинична | B34: =IFERROR(AVERAGEIFS($T:$T,$Q:$Q,$A34,$X:$X,B$32),"") -> 51723 | C34: =IFERROR(AVERAGEIFS($T:$T,$Q:$Q,$A34,$X:$X,C$32),"") -> 57156.75 | D34: =IFERROR(AVERAGEIFS($T:$T,$Q:$Q,$A34,$X:$X,D$32),"") -> 60994.8 | E34: =IFERROR(AVERAGEIFS($T:$T,$Q:$Q,$A34,$X:$X,E$32),"") -> 68428.167 | F34: =IFERROR(AVERAGEIFS($T:$T,$Q:$Q,$A34,$X:$X,F$32),"") -> 64446.286 | G34: =IFERROR(AVERAGEIFS($T:$T,$Q:$Q,$A34,$X:$X,G$32),"") -> 44363.4 | H34: =IFERROR(AVERAGEIFS($T:$T,$Q:$Q,$A34,$X:$X,H$32),"") -> 62503.125 | I34: =IFERROR(AVERAGEIFS($T:$T,$Q:$Q,$A34,$X:$X,I$32),"") -> 49182.5 | ... N34: =IFERROR(AVERAGEIFS($T:$T,$Q:$Q,$A34,$X:$X,N$32),"") | Q34: Сидорова Елена Васильевна | R34: Козлова София Станиславовна | S34: 2023-09-11 | T34: 38005 | U34: 6 | V34: =YEAR(S34) -> 2023 | W34: =MONTH(S34) -> 9 | X34: =V34&"-"&W34 -> 2023-9
A35: Иванова Анна Сергеевна | B35: =IFERROR(AVERAGEIFS($T:$T,$Q:$Q,$A35,$X:$X,B$32),"") -> 51770.9 | C35: =IFERROR(AVERAGEIFS($T:$T,$Q:$Q,$A35,$X:$X,C$32),"") -> 65455.4 | D35: =IFERROR(AVERAGEIFS($T:$T,$Q:$Q,$A35,$X:$X,D$32),"") -> 68378.667 | E35: =IFERROR(AVERAGEIFS($T:$T,$Q:$Q,$A35,$X:$X,E$32),"") -> 67235.333 | F35: =IFERROR(AVERAGEIFS($T:$T,$Q:$Q,$A35,$X:$X,F$32),"") -> 38204.25 | G35: =IFERROR(AVERAGEIFS($T:$T,$Q:$Q,$A35,$X:$X,G$32),"") -> 45538.333 | H35: =IFERROR(AVERAGEIFS($T:$T,$Q:$Q,$A35,$X:$X,H$32),"") -> 44994.667 | I35: =IFERROR(AVERAGEIFS($T:$T,$Q:$Q,$A35,$X:$X,I$32),"") -> 59895.286 | ... N35: =IFERROR(AVERAGEIFS($T:$T,$Q:$Q,$A35,$X:$X,N$32),"") -> 73916 | Q35: Яковлев Артем Игоревич | R35: Лебедев Владимир Сергеевич | S35: 2023-09-11 | T35: 36138 | U35: 7 | V35: =YEAR(S35) -> 2023 | W35: =MONTH(S35) -> 9 | X35: =V35&"-"&W35 -> 2023-9
A36: Кузнецов Дмитрий Львович | B36: =IFERROR(AVERAGEIFS($T:$T,$Q:$Q,$A36,$X:$X,B$32),"") -> 52896.2 | C36: =IFERROR(AVERAGEIFS($T:$T,$Q:$Q,$A36,$X:$X,C$32),"") -> 66310.143 | D36: =IFERROR(AVERAGEIFS($T:$T,$Q:$Q,$A36,$X:$X,D$32),"") -> 69639.5 | E36: =IFERROR(AVERAGEIFS($T:$T,$Q:$Q,$A36,$X:$X,E$32),"") -> 71042.222 | F36: =IFERROR(AVERAGEIFS($T:$T,$Q:$Q,$A36,$X:$X,F$32),"") -> 46954.8 | G36: =IFERROR(AVERAGEIFS($T:$T,$Q:$Q,$A36,$X:$X,G$32),"") -> 40627 | H36: =IFERROR(AVERAGEIFS($T:$T,$Q:$Q,$A36,$X:$X,H$32),"") -> 77543.5 | I36: =IFERROR(AVERAGEIFS($T:$T,$Q:$Q,$A36,$X:$X,I$32),"") -> 64770.571 | ... N36: =IFERROR(AVERAGEIFS($T:$T,$Q:$Q,$A36,$X:$X,N$32),"") | Q36: Иванова Анна Сергеевна | R36: Смирнов Павел Геннадьевич | S36: 2023-09-12 | T36: 46656 | U36: 9 | V36: =YEAR(S36) -> 2023 | W36: =MONTH(S36) -> 9 | X36: =V36&"-"&W36 -> 2023-9
A37: Новикова Ольга Петровна | B37: =IFERROR(AVERAGEIFS($T:$T,$Q:$Q,$A37,$X:$X,B$32),"") -> 53552.556 | C37: =IFERROR(AVERAGEIFS($T:$T,$Q:$Q,$A37,$X:$X,C$32),"") -> 54084.154 | D37: =IFERROR(AVERAGEIFS($T:$T,$Q:$Q,$A37,$X:$X,D$32),"") -> 53866.833 | E37: =IFERROR(AVERAGEIFS($T:$T,$Q:$Q,$A37,$X:$X,E$32),"") -> 62303.833 | F37: =IFERROR(AVERAGEIFS($T:$T,$Q:$Q,$A37,$X:$X,F$32),"") -> 55200.286 | G37: =IFERROR(AVERAGEIFS($T:$T,$Q:$Q,$A37,$X:$X,G$32),"") -> 62587.333 | H37: =IFERROR(AVERAGEIFS($T:$T,$Q:$Q,$A37,$X:$X,H$32),"") -> 37370 | I37: =IFERROR(AVERAGEIFS($T:$T,$Q:$Q,$A37,$X:$X,I$32),"") -> 49159.6 | ... N37: =IFERROR(AVERAGEIFS($T:$T,$Q:$Q,$A37,$X:$X,N$32),"") | Q37: Яковлев Артем Игоревич | R37: Семенов Матвей Александрович | S37: 2023-09-12 | T37: 82879 | U37: 3 | V37: =YEAR(S37) -> 2023 | W37: =MONTH(S37) -> 9 | X37: =V37&"-"&W37 -> 2023-9
A38: Орлов Павел Денисович | B38: =IFERROR(AVERAGEIFS($T:$T,$Q:$Q,$A38,$X:$X,B$32),"") -> 42800.429 | C38: =IFERROR(AVERAGEIFS($T:$T,$Q:$Q,$A38,$X:$X,C$32),"") -> 63963.6 | D38: =IFERROR(AVERAGEIFS($T:$T,$Q:$Q,$A38,$X:$X,D$32),"") -> 47786 | E38: =IFERROR(AVERAGEIFS($T:$T,$Q:$Q,$A38,$X:$X,E$32),"") -> 43298.111 | F38: =IFERROR(AVERAGEIFS($T:$T,$Q:$Q,$A38,$X:$X,F$32),"") -> 52770.571 | G38: =IFERROR(AVERAGEIFS($T:$T,$Q:$Q,$A38,$X:$X,G$32),"") -> 30652.5 | H38: =IFERROR(AVERAGEIFS($T:$T,$Q:$Q,$A38,$X:$X,H$32),"") -> 35515.667 | I38: =IFERROR(AVERAGEIFS($T:$T,$Q:$Q,$A38,$X:$X,I$32),"") -> 64680.143 | ... N38: =IFERROR(AVERAGEIFS($T:$T,$Q:$Q,$A38,$X:$X,N$32),"") | Q38: Громова Мария Ильинична | R38: Лебедев Владимир Егорович | S38: 2023-09-12 | T38: 76375 | U38: 5 | V38: =YEAR(S38) -> 2023 | W38: =MONTH(S38) -> 9 | X38: =V38&"-"&W38 -> 2023-9
A39: Петров Владимир Кириллович | B39: =IFERROR(AVERAGEIFS($T:$T,$Q:$Q,$A39,$X:$X,B$32),"") -> 61875 | C39: =IFERROR(AVERAGEIFS($T:$T,$Q:$Q,$A39,$X:$X,C$32),"") -> 63303 | D39: =IFERROR(AVERAGEIFS($T:$T,$Q:$Q,$A39,$X:$X,D$32),"") -> 68735.7 | E39: =IFERROR(AVERAGEIFS($T:$T,$Q:$Q,$A39,$X:$X,E$32),"") -> 55562.143 | F39: =IFERROR(AVERAGEIFS($T:$T,$Q:$Q,$A39,$X:$X,F$32),"") -> 55565.7 | G39: =IFERROR(AVERAGEIFS($T:$T,$Q:$Q,$A39,$X:$X,G$32),"") -> 75523.9 | H39: =IFERROR(AVERAGEIFS($T:$T,$Q:$Q,$A39,$X:$X,H$32),"") -> 46964.667 | I39: =IFERROR(AVERAGEIFS($T:$T,$Q:$Q,$A39,$X:$X,I$32),"") -> 46952.556 | ... N39: =IFERROR(AVERAGEIFS($T:$T,$Q:$Q,$A39,$X:$X,N$32),"") | Q39: Орлов Павел Денисович | R39: Орлов Михаил Никитич | S39: 2023-09-12 | T39: 79759 | U39: 9 | V39: =YEAR(S39) -> 2023 | W39: =MONTH(S39) -> 9 | X39: =V39&"-"&W39 -> 2023-9
A40: Семенова Ирина Валерьевна | B40: =IFERROR(AVERAGEIFS($T:$T,$Q:$Q,$A40,$X:$X,B$32),"") -> 40299.167 | C40: =IFERROR(AVERAGEIFS($T:$T,$Q:$Q,$A40,$X:$X,C$32),"") -> 57859.2 | D40: =IFERROR(AVERAGEIFS($T:$T,$Q:$Q,$A40,$X:$X,D$32),"") -> 76573.667 | E40: =IFERROR(AVERAGEIFS($T:$T,$Q:$Q,$A40,$X:$X,E$32),"") -> 46008.6 | F40: =IFERROR(AVERAGEIFS($T:$T,$Q:$Q,$A40,$X:$X,F$32),"") -> 71184.5 | G40: =IFERROR(AVERAGEIFS($T:$T,$Q:$Q,$A40,$X:$X,G$32),"") -> 66874 | H40: =IFERROR(AVERAGEIFS($T:$T,$Q:$Q,$A40,$X:$X,H$32),"") -> 67613 | I40: =IFERROR(AVERAGEIFS($T:$T,$Q:$Q,$A40,$X:$X,I$32),"") -> 51997.2 | ... N40: =IFERROR(AVERAGEIFS($T:$T,$Q:$Q,$A40,$X:$X,N$32),"") -> 96488 | Q40: Фролов Сергей Викторович | R40: Козлова Татьяна Михайловна | S40: 2023-09-12 | T40: 74925 | U40: 9 | V40: =YEAR(S40) -> 2023 | W40: =MONTH(S40) -> 9 | X40: =V40&"-"&W40 -> 2023-9
A41: Сидорова Елена Васильевна | B41: =IFERROR(AVERAGEIFS($T:$T,$Q:$Q,$A41,$X:$X,B$32),"") -> 39284.091 | C41: =IFERROR(AVERAGEIFS($T:$T,$Q:$Q,$A41,$X:$X,C$32),"") -> 46276.286 | D41: =IFERROR(AVERAGEIFS($T:$T,$Q:$Q,$A41,$X:$X,D$32),"") -> 72567.333 | E41: =IFERROR(AVERAGEIFS($T:$T,$Q:$Q,$A41,$X:$X,E$32),"") -> 15986 | F41: =IFERROR(AVERAGEIFS($T:$T,$Q:$Q,$A41,$X:$X,F$32),"") -> 52228.636 | G41: =IFERROR(AVERAGEIFS($T:$T,$Q:$Q,$A41,$X:$X,G$32),"") -> 40258.286 | H41: =IFERROR(AVERAGEIFS($T:$T,$Q:$Q,$A41,$X:$X,H$32),"") -> 64712.143 | I41: =IFERROR(AVERAGEIFS($T:$T,$Q:$Q,$A41,$X:$X,I$32),"") -> 57888.667 | ... N41: =IFERROR(AVERAGEIFS($T:$T,$Q:$Q,$A41,$X:$X,N$32),"") | Q41: Белов Алексей Константинович | R41: Морозова Полина Александровна | S41: 2023-09-12 | T41: 17187 | U41: 9 | V41: =YEAR(S41) -> 2023 | W41: =MONTH(S41) -> 9 | X41: =V41&"-"&W41 -> 2023-9
A42: Ткаченко Андрей Олегович | B42: =IFERROR(AVERAGEIFS($T:$T,$Q:$Q,$A42,$X:$X,B$32),"") -> 50745.75 | C42: =IFERROR(AVERAGEIFS($T:$T,$Q:$Q,$A42,$X:$X,C$32),"") -> 63341.727 | D42: =IFERROR(AVERAGEIFS($T:$T,$Q:$Q,$A42,$X:$X,D$32),"") -> 58493.222 | E42: =IFERROR(AVERAGEIFS($T:$T,$Q:$Q,$A42,$X:$X,E$32),"") -> 62789.8 | F42: =IFERROR(AVERAGEIFS($T:$T,$Q:$Q,$A42,$X:$X,F$32),"") -> 67893.833 | G42: =IFERROR(AVERAGEIFS($T:$T,$Q:$Q,$A42,$X:$X,G$32),"") -> 82213.5 | H42: =IFERROR(AVERAGEIFS($T:$T,$Q:$Q,$A42,$X:$X,H$32),"") -> 52555.667 | I42: =IFERROR(AVERAGEIFS($T:$T,$Q:$Q,$A42,$X:$X,I$32),"") -> 55785.143 | ... N42: =IFERROR(AVERAGEIFS($T:$T,$Q:$Q,$A42,$X:$X,N$32),"") -> 49150 | Q42: Яковлев Артем Игоревич | R42: Егорова Ирина Павловна | S42: 2023-09-13 | T42: 59754 | U42: 7 | V42: =YEAR(S42) -> 2023 | W42: =MONTH(S42) -> 9 | X42: =V42&"-"&W42 -> 2023-9
A43: Фролов Сергей Викторович | B43: =IFERROR(AVERAGEIFS($T:$T,$Q:$Q,$A43,$X:$X,B$32),"") -> 48171.25 | C43: =IFERROR(AVERAGEIFS($T:$T,$Q:$Q,$A43,$X:$X,C$32),"") -> 55300.556 | D43: =IFERROR(AVERAGEIFS($T:$T,$Q:$Q,$A43,$X:$X,D$32),"") -> 55440.667 | E43: =IFERROR(AVERAGEIFS($T:$T,$Q:$Q,$A43,$X:$X,E$32),"") -> 46414 | F43: =IFERROR(AVERAGEIFS($T:$T,$Q:$Q,$A43,$X:$X,F$32),"") -> 48077.8 | G43: =IFERROR(AVERAGEIFS($T:$T,$Q:$Q,$A43,$X:$X,G$32),"") -> 71454.556 | H43: =IFERROR(AVERAGEIFS($T:$T,$Q:$Q,$A43,$X:$X,H$32),"") -> 48768.455 | I43: =IFERROR(AVERAGEIFS($T:$T,$Q:$Q,$A43,$X:$X,I$32),"") -> 52747.2 | ... N43: =IFERROR(AVERAGEIFS($T:$T,$Q:$Q,$A43,$X:$X,N$32),"") | Q43: Семенова Ирина Валерьевна | R43: Сидорова Мария Павловна | S43: 2023-09-13 | T43: 12140 | U43: 5 | V43: =YEAR(S43) -> 2023 | W43: =MONTH(S43) -> 9 | X43: =V43&"-"&W43 -> 2023-9
A44: Яковлев Артем Игоревич | B44: =IFERROR(AVERAGEIFS($T:$T,$Q:$Q,$A44,$X:$X,B$32),"") -> 49469.308 | C44: =IFERROR(AVERAGEIFS($T:$T,$Q:$Q,$A44,$X:$X,C$32),"") -> 31825.143 | D44: =IFERROR(AVERAGEIFS($T:$T,$Q:$Q,$A44,$X:$X,D$32),"") -> 54131.6 | E44: =IFERROR(AVERAGEIFS($T:$T,$Q:$Q,$A44,$X:$X,E$32),"") -> 47363 | F44: =IFERROR(AVERAGEIFS($T:$T,$Q:$Q,$A44,$X:$X,F$32),"") -> 56997.5 | G44: =IFERROR(AVERAGEIFS($T:$T,$Q:$Q,$A44,$X:$X,G$32),"") -> 28155.5 | H44: =IFERROR(AVERAGEIFS($T:$T,$Q:$Q,$A44,$X:$X,H$32),"") -> 58867.625 | I44: =IFERROR(AVERAGEIFS($T:$T,$Q:$Q,$A44,$X:$X,I$32),"") -> 53726.3 | ... N44: =IFERROR(AVERAGEIFS($T:$T,$Q:$Q,$A44,$X:$X,N$32),"") | Q44: Белов Алексей Константинович | R44: Петров Алексей Сергеевич | S44: 2023-09-13 | T44: 75131 | U44: 6 | V44: =YEAR(S44) -> 2023 | W44: =MONTH(S44) -> 9 | X44: =V44&"-"&W44 -> 2023-9
Q45: Яковлев Артем Игоревич | R45: Кузнецов Михаил Артемович | S45: 2023-09-14 | T45: 15221 | U45: 5 | V45: =YEAR(S45) -> 2023 | W45: =MONTH(S45) -> 9 | X45: =V45&"-"&W45 -> 2023-9
Q46: Иванова Анна Сергеевна | R46: Орлов Александр Иванович | S46: 2023-09-14 | T46: 56233 | U46: 9 | V46: =YEAR(S46) -> 2023 | W46: =MONTH(S46) -> 9 | X46: =V46&"-"&W46 -> 2023-9
Q47: Петров Владимир Кириллович | R47: Петров Илья Андреевич | S47: 2023-09-14 | T47: 67192 | U47: 5 | V47: =YEAR(S47) -> 2023 | W47: =MONTH(S47) -> 9 | X47: =V47&"-"&W47 -> 2023-9
Q48: Белов Алексей Константинович | R48: Алексеева Светлана Станиславовна | S48: 2023-09-14 | T48: 41739 | U48: 6 | V48: =YEAR(S48) -> 2023 | W48: =MONTH(S48) -> 9 | X48: =V48&"-"&W48 -> 2023-9
Q49: Иванова Анна Сергеевна | R49: Павлов Георгий Андреевич | S49: 2023-09-18 | T49: 60873 | U49: 8 | V49: =YEAR(S49) -> 2023 | W49: =MONTH(S49) -> 9 | X49: =V49&"-"&W49 -> 2023-9
Q50: Иванова Анна Сергеевна | R50: Волкова Татьяна Кирилловна | S50: 2023-09-18 | T50: 56022 | U50: 7 | V50: =YEAR(S50) -> 2023 | W50: =MONTH(S50) -> 9 | X50: =V50&"-"&W50 -> 2023-9
Q51: Иванова Анна Сергеевна | R51: Козлов Роман Александрович | S51: 2023-09-18 | T51: 24286 | U51: 8 | V51: =YEAR(S51) -> 2023 | W51: =MONTH(S51) -> 9 | X51: =V51&"-"&W51 -> 2023-9
Q52: Семенова Ирина Валерьевна | R52: Лебедева Дарья Никитична | S52: 2023-09-18 | T52: 64221 | U52: 8 | V52: =YEAR(S52) -> 2023 | W52: =MONTH(S52) -> 9 | X52: =V52&"-"&W52 -> 2023-9
Q53: Иванова Анна Сергеевна | R53: Федоров Михаил Кириллович | S53: 2023-09-18 | T53: 37825 | U53: 5 | V53: =YEAR(S53) -> 2023 | W53: =MONTH(S53) -> 9 | X53: =V53&"-"&W53 -> 2023-9
Q54: Ткаченко Андрей Олегович | R54: Сидоров Александр Артемович | S54: 2023-09-18 | T54: 54114 | U54: 2 | V54: =YEAR(S54) -> 2023 | W54: =MONTH(S54) -> 9 | X54: =V54&"-"&W54 -> 2023-9
Q55: Орлов Павел Денисович | R55: Орлов Георгий Кириллович | S55: 2023-09-18 | T55: 63953 | U55: 4 | V55: =YEAR(S55) -> 2023 | W55: =MONTH(S55) -> 9 | X55: =V55&"-"&W55 -> 2023-9
Q56: Сидорова Елена Васильевна | R56: Петров Павел Кириллович | S56: 2023-09-19 | T56: 63971 | U56: 6 | V56: =YEAR(S56) -> 2023 | W56: =MONTH(S56) -> 9 | X56: =V56&"-"&W56 -> 2023-9
... Q1001: Ткаченко Андрей Олегович | R1001: Васильева Александра Александровна | S1001: 2024-09-02 | T1001: 49150 | U1001: 8 | V1001: =YEAR(S1001) -> 2024 | W1001: =MONTH(S1001) -> 9 | X1001: =V1001&"-"&W1001 -> 2024-9
